time,value,mets,level
00:23:35,70,,
00:23:50,70,,
02:33:05,70,,
02:33:20,70,,
03:51:55,70,,
03:52:05,74,,
03:52:20,78,,
03:52:25,82,,
03:52:30,91,,
03:52:35,96,,
03:52:40,92,,
03:52:50,91,,
03:52:55,88,,
03:53:00,87,,
03:53:10,84,,
03:53:20,79,,
03:53:30,78,,
03:53:40,78,,
03:53:50,79,,
03:54:00,80,,
03:54:10,83,,
03:54:20,84,,
03:54:25,83,,
03:54:30,87,,
03:54:40,85,,
03:54:50,80,,
03:55:00,84,,
03:55:10,83,,
03:55:20,82,,
03:55:35,82,,
03:55:40,79,,
03:55:50,78,,
03:56:00,80,,
03:56:15,79,,
03:56:30,78,,
03:56:40,81,,
03:56:50,82,,
03:57:00,84,,
03:57:15,84,,
03:57:30,84,,
03:57:45,84,,
03:57:50,76,,
03:58:00,78,,
03:58:05,78,,
03:58:20,79,,
03:58:30,79,,
03:58:35,80,,
03:58:50,81,,
03:59:05,81,,
03:59:10,81,,
03:59:20,81,,
03:59:30,79,,
03:59:40,80,,
03:59:55,80,,
04:00:00,81,,
04:00:10,82,,
04:00:20,81,,
04:00:30,80,,
04:00:40,81,,
04:00:55,81,,
04:01:10,81,,
04:01:25,81,,
04:01:40,81,,
04:01:50,82,,
04:02:05,82,,
04:02:10,83,,
04:02:20,82,,
04:02:30,82,,
04:02:40,81,,
04:02:50,82,,
04:03:00,83,,
04:03:10,84,,
04:03:25,83,,
04:03:40,83,,
04:03:55,83,,
04:04:10,82,,
04:04:25,82,,
04:04:40,82,,
04:04:50,83,,
04:05:00,84,,
04:05:15,84,,
04:05:20,82,,
04:05:30,80,,
04:05:40,80,,
04:05:50,82,,
04:06:00,81,,
04:06:10,82,,
04:06:20,83,,
04:06:30,82,,
04:06:45,82,,
04:06:50,83,,
04:07:00,82,,
04:07:10,80,,
04:07:20,78,,
04:07:30,79,,
04:07:40,80,,
04:07:50,82,,
04:08:00,83,,
04:08:10,81,,
04:08:20,80,,
04:08:35,80,,
04:08:40,79,,
04:08:50,79,,
04:09:00,81,,
04:09:15,81,,
04:09:20,82,,
04:09:30,83,,
04:09:40,82,,
04:09:50,81,,
04:10:00,80,,
04:10:10,81,,
04:10:20,81,,
04:10:30,79,,
04:10:40,81,,
04:10:55,81,,
04:11:00,80,,
04:11:10,82,,
04:11:20,81,,
04:11:35,79,,
04:11:50,80,,
04:12:00,84,,
04:12:15,84,,
04:12:20,80,,
04:12:30,76,,
04:12:45,76,,
04:12:50,79,,
04:13:00,80,,
04:13:10,79,,
04:13:20,81,,
04:13:30,84,,
04:13:40,86,,
04:13:50,83,,
04:14:00,82,,
04:14:05,83,,
04:14:20,85,,
04:14:30,83,,
04:14:40,82,,
04:14:50,84,,
04:15:00,81,,
04:15:10,80,,
04:15:20,81,,
04:15:30,83,,
04:15:40,82,,
04:15:50,83,,
04:16:00,85,,
04:16:10,85,,
04:16:20,83,,
04:16:30,82,,
04:16:40,84,,
04:16:50,85,,
04:17:05,85,,
04:17:10,86,,
04:17:20,85,,
04:17:30,90,,
04:17:45,90,,
04:17:50,88,,
04:18:00,86,,
04:18:10,81,,
04:18:20,80,,
04:18:30,85,,
04:18:40,84,,
04:18:50,83,,
04:19:05,84,,
04:19:20,84,,
04:19:25,83,,
04:19:30,82,,
04:19:45,82,,
04:19:50,83,,
04:20:00,81,,
04:20:15,81,,
04:20:30,80,,
04:20:45,81,,
04:21:00,81,,
04:21:15,77,,
04:21:20,77,,
04:21:30,73,,
04:21:35,74,,
04:21:50,74,,
04:21:55,73,,
04:22:05,74,,
04:22:10,73,,
04:22:20,74,,
04:22:25,75,,
04:22:40,75,,
04:22:50,74,,
04:23:00,76,,
04:23:05,78,,
04:23:10,79,,
04:23:20,77,,
04:23:25,75,,
04:23:40,81,,
04:23:55,81,,
04:24:00,80,,
04:24:05,82,,
04:24:20,82,,
04:24:30,83,,
04:24:40,82,,
04:24:50,81,,
04:24:55,80,,
04:25:10,78,,
04:25:20,76,,
04:25:35,76,,
04:25:40,77,,
04:25:55,77,,
04:26:10,77,,
04:26:20,75,,
04:26:30,77,,
04:26:40,78,,
04:26:45,79,,
04:26:55,80,,
04:27:00,81,,
04:27:15,82,,
04:27:25,81,,
04:27:30,80,,
04:27:35,79,,
04:27:50,80,,
04:28:00,79,,
04:28:15,79,,
04:28:20,78,,
04:28:30,77,,
04:28:40,77,,
04:28:50,75,,
04:29:00,76,,
04:29:15,76,,
04:29:20,78,,
04:29:25,78,,
04:29:40,78,,
04:29:50,79,,
04:29:55,76,,
04:30:00,78,,
04:30:10,76,,
04:30:15,77,,
04:30:30,82,,
04:30:40,77,,
04:30:50,74,,
04:31:05,74,,
04:31:10,75,,
04:31:20,77,,
04:31:30,78,,
04:31:45,78,,
04:31:50,80,,
04:32:00,79,,
04:32:10,75,,
04:32:20,76,,
04:32:30,79,,
04:32:40,78,,
04:32:45,78,,
04:32:50,77,,
04:33:05,77,,
04:33:10,76,,
04:33:20,73,,
04:33:30,73,,
04:33:45,73,,
04:33:50,76,,
04:34:00,77,,
04:34:10,75,,
04:34:20,77,,
04:34:30,76,,
04:34:45,76,,
04:34:50,75,,
04:35:00,77,,
04:35:10,75,,
04:35:20,74,,
04:35:25,74,,
04:35:40,75,,
04:35:50,74,,
04:36:00,75,,
04:36:10,74,,
04:36:25,74,,
04:36:30,74,,
04:36:35,75,,
04:36:40,77,,
04:36:50,77,,
04:37:00,75,,
04:37:05,75,,
04:37:20,72,,
04:37:30,71,,
04:37:40,74,,
04:37:45,77,,
04:38:00,73,,
04:38:15,73,,
04:38:20,74,,
04:38:25,75,,
04:38:40,75,,
04:38:55,75,,
04:39:00,81,,
04:39:10,76,,
04:39:20,78,,
04:39:25,77,,
04:39:40,76,,
04:39:50,73,,
04:40:05,73,,
04:40:10,74,,
04:40:15,75,,
04:40:20,76,,
04:40:25,77,,
04:40:30,76,,
04:40:35,77,,
04:40:50,79,,
04:40:55,79,,
04:41:00,79,,
04:41:10,80,,
04:41:20,78,,
04:41:30,76,,
04:41:45,76,,
04:41:50,77,,
04:42:00,84,,
04:42:15,84,,
04:42:20,76,,
04:42:25,73,,
04:42:40,74,,
04:42:50,73,,
04:43:05,73,,
04:43:10,74,,
04:43:20,72,,
04:43:30,74,,
04:43:45,74,,
04:44:00,75,,
04:44:10,76,,
04:44:15,76,,
04:44:30,76,,
04:44:45,76,,
04:45:00,76,,
04:45:15,76,,
04:45:20,78,,
04:45:30,78,,
04:45:40,75,,
04:45:45,75,,
04:46:00,74,,
04:46:10,75,,
04:46:25,75,,
04:46:40,74,,
04:46:55,74,,
04:47:00,75,,
04:47:15,75,,
04:47:20,76,,
04:47:30,76,,
04:47:40,77,,
04:47:50,78,,
04:48:00,75,,
04:48:10,74,,
04:48:25,74,,
04:48:40,74,,
04:48:45,75,,
04:49:00,75,,
04:49:10,78,,
04:49:20,78,,
04:49:25,77,,
04:49:40,79,,
04:49:50,80,,
04:49:55,82,,
04:50:00,81,,
04:50:10,79,,
04:50:15,79,,
04:50:20,79,,
04:50:35,79,,
04:50:40,76,,
04:50:55,76,,
04:51:00,77,,
04:51:10,79,,
04:51:20,80,,
04:51:30,79,,
04:51:40,78,,
04:51:50,76,,
04:52:00,77,,
04:52:10,81,,
04:52:15,80,,
04:52:30,78,,
04:52:40,77,,
04:52:50,74,,
04:53:00,73,,
04:53:10,78,,
04:53:20,79,,
04:53:25,78,,
04:53:40,78,,
04:53:50,77,,
04:54:00,75,,
04:54:10,74,,
04:54:20,75,,
04:54:30,76,,
04:54:45,76,,
04:54:50,75,,
04:55:00,75,,
04:55:10,75,,
04:55:25,75,,
04:55:30,75,,
04:55:40,76,,
04:55:45,75,,
04:56:00,74,,
04:56:10,75,,
04:56:20,75,,
04:56:30,75,,
04:56:35,76,,
04:56:50,77,,
04:57:00,78,,
04:57:05,79,,
04:57:15,80,,
04:57:20,79,,
04:57:30,81,,
04:57:35,79,,
04:57:50,79,,
04:57:55,80,,
04:58:00,80,,
04:58:05,81,,
04:58:10,80,,
04:58:20,79,,
04:58:35,79,,
04:58:40,77,,
04:58:45,77,,
04:59:00,76,,
04:59:15,76,,
04:59:20,77,,
04:59:30,80,,
04:59:40,81,,
04:59:50,80,,
04:59:55,81,,
05:00:05,82,,
05:00:10,86,,
05:00:15,87,,
05:00:20,85,,
05:00:30,86,,
05:00:45,86,,
05:01:00,86,,
05:01:10,88,,
05:01:15,89,,
05:01:20,84,,
05:01:25,86,,
05:01:30,89,,
05:01:35,90,,
05:01:40,89,,
05:01:45,87,,
05:01:50,85,,
05:01:55,82,,
05:02:00,80,,
05:02:10,81,,
05:02:20,80,,
05:02:30,73,,
05:02:40,72,,
05:02:55,72,,
05:03:00,75,,
05:03:10,74,,
05:03:20,72,,
05:03:30,71,,
05:03:40,72,,
05:03:50,74,,
05:04:00,73,,
05:04:10,72,,
05:04:20,72,,
05:04:25,70,,
05:04:40,69,,
05:04:50,69,,
05:05:00,66,,
05:05:10,65,,
05:05:25,65,,
05:05:40,66,,
05:05:50,67,,
05:06:00,65,,
05:06:10,66,,
05:06:25,66,,
05:06:30,65,,
05:06:40,63,,
05:06:50,64,,
05:07:00,64,,
05:07:10,66,,
05:07:20,71,,
05:07:30,71,,
05:07:40,69,,
05:07:50,70,,
05:08:00,68,,
05:08:10,69,,
05:08:20,70,,
05:08:35,70,,
05:08:40,68,,
05:08:50,67,,
05:09:00,66,,
05:09:10,66,,
05:09:20,66,,
05:09:30,69,,
05:09:40,70,,
05:09:55,70,,
05:10:10,71,,
05:10:20,70,,
05:10:30,72,,
05:10:40,73,,
05:10:50,70,,
05:11:05,70,,
05:11:10,69,,
05:11:20,71,,
05:11:30,71,,
05:11:40,72,,
05:11:50,70,,
05:12:00,71,,
05:12:15,71,,
05:12:20,72,,
05:12:30,73,,
05:12:40,74,,
05:12:50,73,,
05:13:05,73,,
05:13:20,73,,
05:13:30,72,,
05:13:40,73,,
05:13:55,73,,
05:14:10,72,,
05:14:20,73,,
05:14:30,74,,
05:14:45,74,,
05:14:50,73,,
05:15:00,73,,
05:15:15,73,,
05:15:30,73,,
05:15:40,72,,
05:15:50,72,,
05:16:05,72,,
05:16:10,74,,
05:16:15,74,,
05:16:30,81,,
05:16:40,77,,
05:16:50,74,,
05:17:00,72,,
05:17:10,71,,
05:17:20,70,,
05:17:30,69,,
05:17:40,70,,
05:17:55,70,,
05:18:00,71,,
05:18:10,78,,
05:18:20,73,,
05:18:30,71,,
05:18:40,69,,
05:18:55,69,,
05:19:00,67,,
05:19:15,67,,
05:19:30,68,,
05:19:40,69,,
05:19:55,69,,
05:20:00,69,,
05:20:10,70,,
05:20:20,71,,
05:20:30,70,,
05:20:40,71,,
05:20:55,71,,
05:21:00,72,,
05:21:10,71,,
05:21:20,71,,
05:21:35,71,,
05:21:40,72,,
05:21:50,70,,
05:22:00,73,,
05:22:10,74,,
05:22:25,74,,
05:22:30,73,,
05:22:45,73,,
05:22:50,75,,
05:23:00,74,,
05:23:15,74,,
05:23:20,73,,
05:23:35,73,,
05:23:40,74,,
05:23:50,75,,
05:24:00,74,,
05:24:15,74,,
05:24:30,74,,
05:24:45,74,,
05:24:50,75,,
05:25:05,75,,
05:25:20,75,,
05:25:30,75,,
05:25:40,74,,
05:25:55,74,,
05:26:10,74,,
05:26:20,73,,
05:26:30,74,,
05:26:45,74,,
05:26:50,73,,
05:27:00,74,,
05:27:10,75,,
05:27:25,75,,
05:27:40,74,,
05:27:50,75,,
05:28:00,76,,
05:28:15,76,,
05:28:20,75,,
05:28:30,76,,
05:28:45,76,,
05:29:00,75,,
05:29:15,75,,
05:29:30,75,,
05:29:40,74,,
05:29:55,74,,
05:30:00,75,,
05:30:15,75,,
05:30:20,74,,
05:30:35,74,,
05:30:40,75,,
05:30:55,75,,
05:31:10,75,,
05:31:25,75,,
05:31:30,76,,
05:31:45,76,,
05:31:50,74,,
05:32:00,75,,
05:32:15,75,,
05:32:30,74,,
05:32:45,74,,
05:33:00,75,,
05:33:15,75,,
05:33:20,76,,
05:33:35,76,,
05:33:50,75,,
05:34:05,75,,
05:34:10,76,,
05:34:25,76,,
05:34:40,76,,
05:34:50,77,,
05:35:00,76,,
05:35:15,76,,
05:35:30,76,,
05:35:45,76,,
05:35:50,77,,
05:36:05,77,,
05:36:20,77,,
05:36:30,76,,
05:36:45,76,,
05:37:00,76,,
05:37:05,77,,
05:37:10,78,,
05:37:15,78,,
05:37:30,80,,
05:37:40,84,,
05:37:50,74,,
05:38:00,75,,
05:38:15,75,,
05:38:20,63,,
05:38:35,63,,
05:38:40,62,,
05:38:50,64,,
05:39:00,63,,
05:39:10,62,,
05:39:20,61,,
05:39:30,62,,
05:39:45,62,,
05:39:50,62,,
05:40:00,65,,
05:40:10,64,,
05:40:25,64,,
05:40:30,66,,
05:40:40,65,,
05:40:55,65,,
05:41:10,65,,
05:41:20,65,,
05:41:35,65,,
05:41:40,66,,
05:41:50,65,,
05:42:05,65,,
05:42:20,67,,
05:42:35,67,,
05:42:40,68,,
05:42:55,68,,
05:43:10,68,,
05:43:20,66,,
05:43:30,67,,
05:43:40,69,,
05:43:50,69,,
05:44:00,68,,
05:44:10,69,,
05:44:20,70,,
05:44:30,69,,
05:44:40,71,,
05:44:50,69,,
05:45:00,71,,
05:45:15,71,,
05:45:20,69,,
05:45:30,70,,
05:45:40,71,,
05:45:50,70,,
05:46:00,71,,
05:46:10,72,,
05:46:25,72,,
05:46:30,70,,
05:46:40,71,,
05:46:55,71,,
05:47:00,72,,
05:47:10,73,,
05:47:25,73,,
05:47:30,65,,
05:47:40,67,,
05:47:50,69,,
05:48:00,64,,
05:48:10,63,,
05:48:20,67,,
05:48:35,67,,
05:48:40,66,,
05:48:50,67,,
05:49:00,66,,
05:49:15,66,,
05:49:20,67,,
05:49:30,66,,
05:49:40,67,,
05:49:50,64,,
05:50:00,67,,
05:50:10,69,,
05:50:20,67,,
05:50:30,68,,
05:50:35,68,,
05:50:50,68,,
05:51:00,66,,
05:51:10,60,,
05:51:20,61,,
05:51:30,64,,
05:51:40,65,,
05:51:50,65,,
05:52:00,66,,
05:52:10,68,,
05:52:20,67,,
05:52:30,66,,
05:52:40,69,,
05:52:50,71,,
05:53:00,70,,
05:53:10,68,,
05:53:20,69,,
05:53:30,70,,
05:53:40,70,,
05:53:50,69,,
05:54:05,69,,
05:54:20,70,,
05:54:30,71,,
05:54:40,70,,
05:54:50,66,,
05:55:00,69,,
05:55:15,69,,
05:55:20,71,,
05:55:35,71,,
05:55:40,70,,
05:55:50,68,,
05:56:00,67,,
05:56:10,69,,
05:56:20,70,,
05:56:30,72,,
05:56:45,72,,
05:56:50,71,,
05:57:00,73,,
05:57:10,73,,
05:57:20,72,,
05:57:30,73,,
05:57:40,71,,
05:57:50,66,,
05:58:00,67,,
05:58:10,69,,
05:58:20,69,,
05:58:30,70,,
05:58:40,68,,
05:58:50,69,,
05:59:00,70,,
05:59:15,70,,
05:59:20,72,,
05:59:30,68,,
05:59:40,69,,
05:59:50,69,,
06:00:00,70,,
06:00:15,70,,
06:00:20,71,,
06:00:35,71,,
06:00:50,71,,
06:01:00,72,,
06:01:10,71,,
06:01:20,73,,
06:01:30,72,,
06:01:40,67,,
06:01:50,68,,
06:02:00,70,,
06:02:10,69,,
06:02:20,67,,
06:02:30,71,,
06:02:40,70,,
06:02:50,72,,
06:03:00,74,,
06:03:15,74,,
06:03:20,70,,
06:03:30,66,,
06:03:40,59,,
06:03:50,62,,
06:04:00,64,,
06:04:10,69,,
06:04:20,73,,
06:04:30,74,,
06:04:40,75,,
06:04:50,79,,
06:05:00,79,,
06:05:15,79,,
06:05:20,78,,
06:05:25,77,,
06:05:40,86,,
06:05:50,72,,
06:06:05,72,,
06:06:10,71,,
06:06:20,66,,
06:06:30,69,,
06:06:40,72,,
06:06:50,70,,
06:07:00,71,,
06:07:10,73,,
06:07:20,74,,
06:07:30,73,,
06:07:40,70,,
06:07:50,71,,
06:08:00,73,,
06:08:10,74,,
06:08:25,74,,
06:08:30,75,,
06:08:40,73,,
06:08:50,71,,
06:09:00,70,,
06:09:10,65,,
06:09:20,64,,
06:09:30,62,,
06:09:40,61,,
06:09:50,64,,
06:10:00,65,,
06:10:10,67,,
06:10:20,67,,
06:10:35,67,,
06:10:40,66,,
06:10:50,67,,
06:11:00,66,,
06:11:10,63,,
06:11:20,64,,
06:11:30,66,,
06:11:40,64,,
06:11:50,63,,
06:12:00,64,,
06:12:10,61,,
06:12:20,65,,
06:12:30,64,,
06:12:40,64,,
06:12:50,70,,
06:13:00,68,,
06:13:10,65,,
06:13:25,65,,
06:13:30,66,,
06:13:40,67,,
06:13:50,68,,
06:14:05,68,,
06:14:10,66,,
06:14:20,65,,
06:14:30,63,,
06:14:40,62,,
06:14:50,63,,
06:15:05,63,,
06:15:10,64,,
06:15:20,64,,
06:15:30,63,,
06:15:40,62,,
06:15:50,63,,
06:16:00,65,,
06:16:10,64,,
06:16:20,65,,
06:16:30,64,,
06:16:45,64,,
06:17:00,64,,
06:17:10,64,,
06:17:20,62,,
06:17:30,64,,
06:17:45,64,,
06:17:50,65,,
06:18:05,65,,
06:18:10,64,,
06:18:20,63,,
06:18:35,63,,
06:18:50,63,,
06:19:00,64,,
06:19:10,63,,
06:19:25,63,,
06:19:40,63,,
06:19:55,63,,
06:20:00,64,,
06:20:10,65,,
06:20:25,65,,
06:20:30,66,,
06:20:45,66,,
06:21:00,65,,
06:21:10,66,,
06:21:25,66,,
06:21:30,67,,
06:21:40,66,,
06:21:50,65,,
06:22:00,66,,
06:22:10,67,,
06:22:25,67,,
06:22:40,67,,
06:22:50,66,,
06:23:00,67,,
06:23:10,66,,
06:23:20,67,,
06:23:30,66,,
06:23:45,66,,
06:23:50,65,,
06:24:00,66,,
06:24:10,65,,
06:24:20,63,,
06:24:30,62,,
06:24:45,62,,
06:24:50,63,,
06:25:00,63,,
06:25:10,61,,
06:25:20,62,,
06:25:30,61,,
06:25:40,62,,
06:25:50,63,,
06:26:05,63,,
06:26:10,64,,
06:26:20,65,,
06:26:30,66,,
06:26:40,65,,
06:26:55,65,,
06:27:00,64,,
06:27:10,65,,
06:27:25,65,,
06:27:30,65,,
06:27:40,64,,
06:27:55,64,,
06:28:10,65,,
06:28:20,66,,
06:28:35,66,,
06:28:50,66,,
06:29:05,66,,
06:29:10,65,,
06:29:25,65,,
06:29:30,66,,
06:29:45,66,,
06:29:50,67,,
06:30:00,66,,
06:30:15,66,,
06:30:20,67,,
06:30:35,67,,
06:30:40,66,,
06:30:55,66,,
06:31:10,66,,
06:31:25,66,,
06:31:40,67,,
06:31:55,67,,
06:32:10,66,,
06:32:20,65,,
06:32:30,66,,
06:32:45,66,,
06:32:50,65,,
06:33:00,66,,
06:33:10,67,,
06:33:20,66,,
06:33:30,67,,
06:33:40,68,,
06:33:50,67,,
06:34:00,66,,
06:34:15,66,,
06:34:20,67,,
06:34:30,67,,
06:34:45,67,,
06:34:50,66,,
06:35:05,66,,
06:35:10,67,,
06:35:20,66,,
06:35:30,67,,
06:35:40,65,,
06:35:50,66,,
06:36:00,65,,
06:36:15,65,,
06:36:30,66,,
06:36:45,66,,
06:37:00,66,,
06:37:10,64,,
06:37:25,64,,
06:37:40,64,,
06:37:50,66,,
06:38:00,65,,
06:38:15,65,,
06:38:30,65,,
06:38:40,64,,
06:38:55,64,,
06:39:10,64,,
06:39:20,65,,
06:39:30,66,,
06:39:45,66,,
06:40:00,63,,
06:40:10,64,,
06:40:20,65,,
06:40:30,66,,
06:40:40,65,,
06:40:50,66,,
06:41:05,66,,
06:41:10,67,,
06:41:20,66,,
06:41:35,66,,
06:41:50,65,,
06:42:05,65,,
06:42:20,65,,
06:42:35,65,,
06:42:50,65,,
06:43:00,64,,
06:43:05,66,,
06:43:10,75,,
06:43:20,72,,
06:43:30,68,,
06:43:45,68,,
06:43:50,70,,
06:44:00,69,,
06:44:10,70,,
06:44:20,67,,
06:44:30,66,,
06:44:40,67,,
06:44:50,69,,
06:45:00,72,,
06:45:10,68,,
06:45:20,66,,
06:45:35,66,,
06:45:50,65,,
06:46:00,66,,
06:46:10,65,,
06:46:25,65,,
06:46:40,66,,
06:46:50,67,,
06:47:05,67,,
06:47:10,66,,
06:47:20,67,,
06:47:30,67,,
06:47:40,68,,
06:47:55,68,,
06:48:00,68,,
06:48:10,69,,
06:48:20,68,,
06:48:30,69,,
06:48:40,69,,
06:48:50,70,,
06:49:00,69,,
06:49:15,69,,
06:49:20,70,,
06:49:30,69,,
06:49:45,69,,
06:49:50,68,,
06:50:00,69,,
06:50:15,69,,
06:50:20,70,,
06:50:35,70,,
06:50:50,70,,
06:51:05,70,,
06:51:10,69,,
06:51:20,68,,
06:51:30,70,,
06:51:40,71,,
06:51:50,71,,
06:52:00,71,,
06:52:10,70,,
06:52:20,69,,
06:52:30,69,,
06:52:40,70,,
06:52:55,70,,
06:53:00,69,,
06:53:10,70,,
06:53:25,70,,
06:53:30,71,,
06:53:40,70,,
06:53:55,70,,
06:54:10,70,,
06:54:20,69,,
06:54:30,69,,
06:54:45,69,,
06:54:50,70,,
06:55:05,70,,
06:55:20,71,,
06:55:25,72,,
06:55:30,73,,
06:55:40,74,,
06:55:45,76,,
06:55:50,77,,
06:56:00,65,,
06:56:10,60,,
06:56:20,62,,
06:56:35,62,,
06:56:40,64,,
06:56:50,62,,
06:57:00,63,,
06:57:10,67,,
06:57:20,66,,
06:57:30,73,,
06:57:40,69,,
06:57:50,68,,
06:58:00,66,,
06:58:10,67,,
06:58:20,67,,
06:58:30,68,,
06:58:40,66,,
06:58:50,68,,
06:59:05,68,,
06:59:10,74,,
06:59:20,68,,
06:59:35,68,,
06:59:40,71,,
06:59:50,68,,
07:00:05,68,,
07:00:10,69,,
07:00:20,71,,
07:00:30,73,,
07:00:40,72,,
07:00:50,71,,
07:01:00,69,,
07:01:10,71,,
07:01:20,73,,
07:01:30,70,,
07:01:40,71,,
07:01:50,70,,
07:02:00,71,,
07:02:10,72,,
07:02:25,72,,
07:02:30,71,,
07:02:45,71,,
07:02:50,72,,
07:03:00,73,,
07:03:15,73,,
07:03:30,72,,
07:03:40,73,,
07:03:55,73,,
07:04:00,71,,
07:04:10,73,,
07:04:25,73,,
07:04:30,72,,
07:04:45,72,,
07:04:50,71,,
07:05:00,70,,
07:05:10,72,,
07:05:20,71,,
07:05:30,72,,
07:05:40,70,,
07:05:50,71,,
07:06:00,70,,
07:06:10,71,,
07:06:20,70,,
07:06:30,71,,
07:06:40,73,,
07:06:50,72,,
07:07:05,72,,
07:07:20,72,,
07:07:30,71,,
07:07:40,72,,
07:07:50,72,,
07:08:00,73,,
07:08:15,73,,
07:08:20,71,,
07:08:35,71,,
07:08:40,72,,
07:08:50,74,,
07:09:00,76,,
07:09:10,75,,
07:09:20,71,,
07:09:30,69,,
07:09:40,68,,
07:09:50,70,,
07:10:00,69,,
07:10:10,70,,
07:10:20,71,,
07:10:30,72,,
07:10:40,70,,
07:10:50,71,,
07:11:00,71,,
07:11:10,72,,
07:11:20,72,,
07:11:30,70,,
07:11:40,71,,
07:11:50,74,,
07:12:05,74,,
07:12:10,73,,
07:12:20,73,,
07:12:30,72,,
07:12:40,73,,
07:12:55,73,,
07:13:10,72,,
07:13:25,72,,
07:13:30,73,,
07:13:40,74,,
07:13:55,74,,
07:14:10,73,,
07:14:20,72,,
07:14:30,71,,
07:14:40,74,,
07:14:55,74,,
07:15:00,75,,
07:15:10,74,,
07:15:20,75,,
07:15:30,74,,
07:15:40,74,,
07:15:50,73,,
07:16:00,72,,
07:16:10,70,,
07:16:20,71,,
07:16:30,73,,
07:16:40,74,,
07:16:50,72,,
07:17:00,73,,
07:17:10,72,,
07:17:20,73,,
07:17:30,72,,
07:17:45,72,,
07:17:50,73,,
07:18:00,72,,
07:18:10,71,,
07:18:20,73,,
07:18:35,73,,
07:18:50,72,,
07:19:00,73,,
07:19:10,74,,
07:19:20,72,,
07:19:30,73,,
07:19:40,72,,
07:19:50,73,,
07:20:00,71,,
07:20:10,73,,
07:20:20,73,,
07:20:30,72,,
07:20:45,72,,
07:20:50,73,,
07:21:00,74,,
07:21:10,73,,
07:21:20,72,,
07:21:35,72,,
07:21:40,73,,
07:21:55,73,,
07:22:00,72,,
07:22:10,71,,
07:22:25,71,,
07:22:30,70,,
07:22:40,72,,
07:22:55,72,,
07:23:10,72,,
07:23:20,71,,
07:23:35,71,,
07:23:40,71,,
07:23:50,72,,
07:24:00,70,,
07:24:10,71,,
07:24:20,71,,
07:24:30,72,,
07:24:45,72,,
07:24:50,71,,
07:25:00,70,,
07:25:10,73,,
07:25:15,73,,
07:25:30,73,,
07:25:35,74,,
07:25:40,75,,
07:25:45,77,,
07:25:50,68,,
07:25:55,67,,
07:26:00,66,,
07:26:10,63,,
07:26:15,66,,
07:26:30,66,,
07:26:35,66,,
07:26:40,65,,
07:26:45,64,,
07:26:50,63,,
07:27:00,62,,
07:27:05,56,,
07:27:10,59,,
07:27:25,59,,
07:27:30,62,,
07:27:40,61,,
07:27:50,63,,
07:28:00,59,,
07:28:10,62,,
07:28:20,63,,
07:28:30,66,,
07:28:40,65,,
07:28:50,64,,
07:29:00,61,,
07:29:10,65,,
07:29:25,65,,
07:29:30,67,,
07:29:40,60,,
07:29:50,62,,
07:30:00,63,,
07:30:10,64,,
07:30:20,65,,
07:30:30,67,,
07:30:40,66,,
07:30:50,68,,
07:31:00,68,,
07:31:10,68,,
07:31:25,68,,
07:31:40,68,,
07:31:50,68,,
07:32:05,68,,
07:32:10,69,,
07:32:20,69,,
07:32:35,69,,
07:32:40,68,,
07:32:55,68,,
07:33:00,67,,
07:33:10,65,,
07:33:20,63,,
07:33:35,63,,
07:33:40,60,,
07:33:50,58,,
07:33:55,59,,
07:34:10,61,,
07:34:20,62,,
07:34:30,63,,
07:34:40,64,,
07:34:50,63,,
07:35:00,65,,
07:35:10,66,,
07:35:20,68,,
07:35:30,69,,
07:35:45,69,,
07:35:50,70,,
07:36:00,72,,
07:36:10,70,,
07:36:25,70,,
07:36:30,71,,
07:36:40,72,,
07:36:50,73,,
07:37:00,70,,
07:37:10,67,,
07:37:25,67,,
07:37:30,67,,
07:37:45,67,,
07:37:50,68,,
07:38:00,67,,
07:38:10,64,,
07:38:20,63,,
07:38:30,65,,
07:38:40,69,,
07:38:50,70,,
07:39:00,74,,
07:39:05,73,,
07:39:20,87,,
07:39:30,85,,
07:39:40,81,,
07:39:50,76,,
07:40:00,71,,
07:40:10,69,,
07:40:20,70,,
07:40:30,72,,
07:40:40,67,,
07:40:50,66,,
07:41:05,66,,
07:41:10,70,,
07:41:20,75,,
07:41:35,75,,
07:41:40,73,,
07:41:50,73,,
07:42:00,69,,
07:42:10,67,,
07:42:20,64,,
07:42:25,63,,
07:42:40,62,,
07:42:50,62,,
07:43:00,63,,
07:43:10,64,,
07:43:20,66,,
07:43:30,68,,
07:43:40,67,,
07:43:50,66,,
07:44:00,67,,
07:44:10,69,,
07:44:20,68,,
07:44:35,68,,
07:44:40,67,,
07:44:50,70,,
07:45:00,69,,
07:45:10,65,,
07:45:20,68,,
07:45:30,66,,
07:45:40,64,,
07:45:50,65,,
07:46:05,65,,
07:46:10,66,,
07:46:20,64,,
07:46:30,63,,
07:46:40,63,,
07:46:50,64,,
07:47:00,63,,
07:47:10,64,,
07:47:20,63,,
07:47:30,65,,
07:47:40,65,,
07:47:55,65,,
07:48:00,66,,
07:48:10,67,,
07:48:15,66,,
07:48:20,68,,
07:48:30,65,,
07:48:40,63,,
07:48:50,64,,
07:49:00,64,,
07:49:10,61,,
07:49:20,60,,
07:49:30,61,,
07:49:45,61,,
07:49:50,62,,
07:50:00,61,,
07:50:10,61,,
07:50:25,61,,
07:50:30,63,,
07:50:40,64,,
07:50:55,64,,
07:51:00,63,,
07:51:10,61,,
07:51:20,64,,
07:51:30,67,,
07:51:40,68,,
07:51:50,64,,
07:52:05,64,,
07:52:10,66,,
07:52:20,67,,
07:52:30,69,,
07:52:40,67,,
07:52:50,69,,
07:52:55,71,,
07:53:05,72,,
07:53:10,84,,
07:53:15,85,,
07:53:20,85,,
07:53:25,84,,
07:53:30,82,,
07:53:35,74,,
07:53:40,73,,
07:53:45,67,,
07:53:50,66,,
07:53:55,62,,
07:54:00,62,,
07:54:10,67,,
07:54:15,67,,
07:54:20,64,,
07:54:30,65,,
07:54:35,66,,
07:54:40,68,,
07:54:45,68,,
07:54:55,67,,
07:55:00,66,,
07:55:05,65,,
07:55:10,65,,
07:55:20,68,,
07:55:35,68,,
07:55:40,65,,
07:55:50,71,,
07:56:00,69,,
07:56:10,67,,
07:56:20,65,,
07:56:30,64,,
07:56:45,64,,
07:57:00,64,,
07:57:10,63,,
07:57:20,64,,
07:57:35,64,,
07:57:40,69,,
07:57:50,68,,
07:58:00,67,,
07:58:10,66,,
07:58:20,64,,
07:58:30,63,,
07:58:45,63,,
07:58:50,64,,
07:59:00,65,,
07:59:10,65,,
07:59:20,66,,
07:59:35,66,,
07:59:40,64,,
07:59:50,63,,
08:00:00,65,,
08:00:15,65,,
08:00:20,64,,
08:00:30,65,,
08:00:40,65,,
08:00:50,64,,
08:01:00,64,,
08:01:10,66,,
08:01:20,66,,
08:01:30,65,,
08:01:40,65,,
08:01:50,66,,
08:02:00,67,,
08:02:15,67,,
08:02:30,66,,
08:02:40,66,,
08:02:50,66,,
08:03:00,66,,
08:03:10,67,,
08:03:25,67,,
08:03:30,67,,
08:03:40,68,,
08:03:50,67,,
08:04:00,66,,
08:04:15,66,,
08:04:20,67,,
08:04:35,67,,
08:04:40,68,,
08:04:50,67,,
08:05:05,67,,
08:05:20,67,,
08:05:35,67,,
08:05:50,67,,
08:06:00,67,,
08:06:10,68,,
08:06:25,68,,
08:06:40,68,,
08:06:50,69,,
08:07:05,69,,
08:07:10,68,,
08:07:20,68,,
08:07:35,68,,
08:07:40,68,,
08:07:55,68,,
08:08:00,67,,
08:08:10,68,,
08:08:20,67,,
08:08:35,67,,
08:08:40,67,,
08:08:55,67,,
08:09:00,68,,
08:09:10,69,,
08:09:20,56,,
08:09:30,54,,
08:09:40,55,,
08:09:55,55,,
08:10:00,59,,
08:10:10,58,,
08:10:25,58,,
08:10:30,59,,
08:10:45,59,,
08:11:00,58,,
08:11:10,60,,
08:11:20,61,,
08:11:35,61,,
08:11:40,62,,
08:11:50,61,,
08:12:00,60,,
08:12:10,62,,
08:12:20,63,,
08:12:30,62,,
08:12:45,62,,
08:13:00,63,,
08:13:10,62,,
08:13:20,63,,
08:13:30,62,,
08:13:45,62,,
08:14:00,62,,
08:14:10,63,,
08:14:25,63,,
08:14:30,62,,
08:14:40,57,,
08:14:50,60,,
08:15:05,60,,
08:15:10,61,,
08:15:25,61,,
08:15:40,61,,
08:15:50,62,,
08:16:00,61,,
08:16:15,61,,
08:16:30,61,,
08:16:45,61,,
08:16:50,64,,
08:17:00,61,,
08:17:10,62,,
08:17:20,61,,
08:17:30,62,,
08:17:40,61,,
08:17:50,62,,
08:18:00,62,,
08:18:10,60,,
08:18:20,61,,
08:18:30,63,,
08:18:45,63,,
08:19:00,61,,
08:19:10,63,,
08:19:20,62,,
08:19:30,65,,
08:19:40,63,,
08:19:50,62,,
08:20:05,62,,
08:20:10,63,,
08:20:20,64,,
08:20:30,66,,
08:20:40,64,,
08:20:50,65,,
08:21:00,64,,
08:21:10,66,,
08:21:25,66,,
08:21:30,64,,
08:21:40,62,,
08:21:50,63,,
08:22:00,64,,
08:22:10,65,,
08:22:25,65,,
08:22:30,66,,
08:22:40,67,,
08:22:50,64,,
08:23:05,64,,
08:23:10,65,,
08:23:20,66,,
08:23:30,63,,
08:23:40,66,,
08:23:50,65,,
08:24:00,63,,
08:24:10,64,,
08:24:25,64,,
08:24:30,65,,
08:24:40,66,,
08:24:50,65,,
08:25:05,65,,
08:25:20,65,,
08:25:30,64,,
08:25:45,64,,
08:26:00,64,,
08:26:10,63,,
08:26:25,63,,
08:26:30,66,,
08:26:45,66,,
08:26:50,64,,
08:27:05,64,,
08:27:10,65,,
08:27:20,66,,
08:27:25,67,,
08:27:40,67,,
08:27:50,66,,
08:28:05,66,,
08:28:20,63,,
08:28:30,62,,
08:28:40,63,,
08:28:50,57,,
08:29:05,57,,
08:29:10,58,,
08:29:25,58,,
08:29:30,60,,
08:29:40,61,,
08:29:55,61,,
08:30:00,62,,
08:30:15,62,,
08:30:20,61,,
08:30:30,62,,
08:30:40,61,,
08:30:50,62,,
08:31:00,63,,
08:31:10,63,,
08:31:20,63,,
08:31:25,64,,
08:31:40,64,,
08:31:50,65,,
08:32:00,60,,
08:32:10,60,,
08:32:20,60,,
08:32:30,58,,
08:32:45,58,,
08:32:50,61,,
08:33:00,64,,
08:33:10,63,,
08:33:20,61,,
08:33:30,58,,
08:33:40,59,,
08:33:55,59,,
08:34:10,61,,
08:34:20,62,,
08:34:30,64,,
08:34:40,62,,
08:34:50,61,,
08:35:00,59,,
08:35:10,60,,
08:35:20,59,,
08:35:30,64,,
08:35:40,62,,
08:35:50,61,,
08:36:00,61,,
08:36:05,61,,
08:36:20,61,,
08:36:30,66,,
08:36:40,61,,
08:36:50,60,,
08:37:00,57,,
08:37:10,56,,
08:37:25,56,,
08:37:40,56,,
08:37:55,56,,
08:38:10,57,,
08:38:20,57,,
08:38:30,58,,
08:38:40,61,,
08:38:55,61,,
08:39:10,62,,
08:39:20,63,,
08:39:30,62,,
08:39:45,62,,
08:39:50,61,,
08:40:00,60,,
08:40:10,61,,
08:40:20,62,,
08:40:35,62,,
08:40:40,62,,
08:40:55,62,,
08:41:10,62,,
08:41:20,63,,
08:41:35,63,,
08:41:50,63,,
08:42:00,62,,
08:42:10,62,,
08:42:20,63,,
08:42:35,63,,
08:42:50,63,,
08:43:05,63,,
08:43:10,63,,
08:43:20,63,,
08:43:30,64,,
08:43:45,64,,
08:43:55,65,,
08:44:10,66,,
08:44:25,66,,
08:44:30,67,,
08:44:40,65,,
08:44:45,64,,
08:44:55,64,,
08:45:10,67,,
08:45:20,65,,
08:45:30,66,,
08:45:40,64,,
08:45:50,60,,
08:46:00,61,,
08:46:10,65,,
08:46:15,65,,
08:46:30,68,,
08:46:40,87,,
08:46:50,91,,
08:47:00,90,,
08:47:10,89,,
08:47:20,82,,
08:47:30,74,,
08:47:40,72,,
08:47:50,65,,
08:48:00,64,,
08:48:10,63,,
08:48:20,60,,
08:48:30,58,,
08:48:45,58,,
08:49:00,58,,
08:49:15,58,,
08:49:30,58,,
08:49:45,58,,
08:50:00,58,,
08:50:10,63,,
08:50:20,62,,
08:50:30,59,,
08:50:40,58,,
08:50:50,58,,
08:51:00,56,,
08:51:10,57,,
08:51:20,57,,
08:51:35,57,,
08:51:50,57,,
08:52:05,57,,
08:52:20,57,,
08:52:35,57,,
08:52:50,57,,
08:53:00,66,,
08:53:10,60,,
08:53:25,60,,
08:53:40,60,,
08:53:55,60,,
08:54:10,60,,
08:54:25,60,,
08:54:30,65,,
08:54:40,61,,
08:54:50,58,,
08:55:00,57,,
08:55:10,55,,
08:55:20,54,,
08:55:30,53,,
08:55:40,52,,
08:55:50,54,,
08:56:00,59,,
08:56:10,57,,
08:56:20,56,,
08:56:30,55,,
08:56:40,53,,
08:56:50,52,,
08:57:00,53,,
08:57:15,53,,
08:57:20,53,,
08:57:30,60,,
08:57:35,61,,
08:57:40,63,,
08:57:45,65,,
08:58:00,67,,
08:58:05,69,,
08:58:10,71,,
08:58:20,73,,
08:58:35,73,,
08:58:40,76,,
08:58:50,78,,
08:59:00,65,,
08:59:10,64,,
08:59:15,63,,
08:59:20,62,,
08:59:30,59,,
08:59:40,59,,
08:59:50,63,,
09:00:00,61,,
09:00:10,62,,
09:00:25,62,,
09:00:40,62,,
09:00:55,62,,
09:01:10,62,,
09:01:25,62,,
09:01:40,62,,
09:01:55,62,,
09:02:10,62,,
09:02:25,62,,
09:02:40,62,,
09:02:55,62,,
09:03:00,61,,
09:03:10,63,,
09:03:20,64,,
09:03:30,67,,
09:03:40,72,,
09:03:50,75,,
09:04:00,75,,
09:04:10,67,,
09:04:20,62,,
09:04:35,62,,
09:04:40,60,,
09:04:50,58,,
09:05:05,58,,
09:05:10,62,,
09:05:20,63,,
09:05:30,62,,
09:05:40,64,,
09:05:50,67,,
09:06:05,67,,
09:06:10,63,,
09:06:20,62,,
09:06:30,64,,
09:06:40,63,,
09:06:50,65,,
09:07:00,64,,
09:07:10,65,,
09:07:25,65,,
09:07:30,69,,
09:07:40,62,,
09:07:50,60,,
09:08:00,64,,
09:08:10,63,,
09:08:20,63,,
09:08:30,59,,
09:08:40,57,,
09:08:55,57,,
09:09:10,61,,
09:09:20,64,,
09:09:30,65,,
09:09:45,65,,
09:09:50,65,,
09:10:00,61,,
09:10:10,57,,
09:10:20,60,,
09:10:30,63,,
09:10:40,65,,
09:10:55,65,,
09:11:10,77,,
09:11:20,80,,
09:11:30,76,,
09:11:40,68,,
09:11:50,64,,
09:11:55,64,,
09:12:00,66,,
09:12:10,105,,
09:12:20,115,,
09:12:35,115,,
09:12:40,103,,
09:12:50,81,,
09:13:00,70,,
09:13:10,63,,
09:13:25,63,,
09:13:30,64,,
09:13:45,64,,
09:13:50,61,,
09:14:05,61,,
09:14:10,62,,
09:14:20,61,,
09:14:30,62,,
09:14:40,63,,
09:14:50,62,,
09:15:00,61,,
09:15:10,62,,
09:15:15,63,,
09:15:30,86,,
09:15:40,81,,
09:15:50,65,,
09:16:00,57,,
09:16:10,56,,
09:16:25,56,,
09:16:30,58,,
09:16:40,59,,
09:16:50,62,,
09:17:00,63,,
09:17:10,65,,
09:17:20,63,,
09:17:30,60,,
09:17:40,59,,
09:17:50,60,,
09:18:00,67,,
09:18:10,65,,
09:18:20,64,,
09:18:30,63,,
09:18:40,64,,
09:18:55,64,,
09:19:00,66,,
09:19:10,64,,
09:19:20,59,,
09:19:30,56,,
09:19:40,58,,
09:19:50,61,,
09:20:05,61,,
09:20:10,63,,
09:20:20,66,,
09:20:30,67,,
09:20:40,66,,
09:20:50,63,,
09:21:00,61,,
09:21:05,60,,
09:21:20,66,,
09:21:30,69,,
09:21:40,65,,
09:21:50,63,,
09:22:00,59,,
09:22:10,57,,
09:22:20,58,,
09:22:30,59,,
09:22:40,60,,
09:22:50,63,,
09:23:00,64,,
09:23:15,64,,
09:23:20,66,,
09:23:35,66,,
09:23:40,65,,
09:23:50,63,,
09:24:00,64,,
09:24:10,68,,
09:24:20,67,,
09:24:30,64,,
09:24:45,64,,
09:25:00,65,,
09:25:05,65,,
09:25:20,67,,
09:25:30,63,,
09:25:40,59,,
09:25:50,59,,
09:26:00,59,,
09:26:10,58,,
09:26:20,57,,
09:26:30,57,,
09:26:45,57,,
09:26:50,58,,
09:27:00,59,,
09:27:15,59,,
09:27:20,60,,
09:27:30,60,,
09:27:40,59,,
09:27:50,60,,
09:28:00,62,,
09:28:10,64,,
09:28:15,65,,
09:28:30,66,,
09:28:40,70,,
09:28:50,70,,
09:29:00,66,,
09:29:10,63,,
09:29:25,63,,
09:29:30,59,,
09:29:35,58,,
09:29:50,58,,
09:30:05,58,,
09:30:10,58,,
09:30:20,57,,
09:30:35,57,,
09:30:40,59,,
09:30:55,59,,
09:31:10,57,,
09:31:20,59,,
09:31:30,60,,
09:31:45,60,,
09:31:50,61,,
09:32:00,62,,
09:32:10,61,,
09:32:25,61,,
09:32:30,63,,
09:32:35,64,,
09:32:40,66,,
09:32:50,70,,
09:33:00,76,,
09:33:10,79,,
09:33:20,79,,
09:33:30,71,,
09:33:40,66,,
09:33:50,65,,
09:34:00,62,,
09:34:10,63,,
09:34:20,67,,
09:34:30,66,,
09:34:40,66,,
09:34:50,70,,
09:35:00,71,,
09:35:10,62,,
09:35:20,60,,
09:35:30,61,,
09:35:40,67,,
09:35:50,66,,
09:36:00,63,,
09:36:10,60,,
09:36:20,63,,
09:36:35,63,,
09:36:40,64,,
09:36:50,65,,
09:37:05,65,,
09:37:10,67,,
09:37:20,64,,
09:37:30,65,,
09:37:40,61,,
09:37:45,59,,
09:38:00,59,,
09:38:10,69,,
09:38:20,60,,
09:38:30,57,,
09:38:40,57,,
09:38:50,59,,
09:39:00,60,,
09:39:10,60,,
09:39:25,60,,
09:39:30,60,,
09:39:40,58,,
09:39:55,58,,
09:40:00,60,,
09:40:10,64,,
09:40:15,64,,
09:40:30,60,,
09:40:40,61,,
09:40:50,63,,
09:41:00,64,,
09:41:10,61,,
09:41:20,60,,
09:41:30,61,,
09:41:40,63,,
09:41:50,59,,
09:42:00,58,,
09:42:10,59,,
09:42:20,64,,
09:42:25,64,,
09:42:40,70,,
09:42:55,70,,
09:43:00,69,,
09:43:10,69,,
09:43:20,67,,
09:43:35,67,,
09:43:50,65,,
09:44:00,64,,
09:44:10,65,,
09:44:25,65,,
09:44:30,61,,
09:44:40,62,,
09:44:50,67,,
09:45:00,68,,
09:45:10,64,,
09:45:20,68,,
09:45:35,68,,
09:45:40,84,,
09:45:50,78,,
09:46:00,77,,
09:46:10,63,,
09:46:20,65,,
09:46:30,63,,
09:46:45,63,,
09:46:50,62,,
09:47:00,63,,
09:47:10,62,,
09:47:20,61,,
09:47:30,60,,
09:47:40,63,,
09:47:50,64,,
09:48:05,64,,
09:48:10,63,,
09:48:20,62,,
09:48:30,62,,
09:48:40,64,,
09:48:50,63,,
09:49:00,61,,
09:49:10,62,,
09:49:20,65,,
09:49:30,63,,
09:49:40,62,,
09:49:50,65,,
09:50:00,66,,
09:50:10,65,,
09:50:20,62,,
09:50:30,67,,
09:50:40,65,,
09:50:50,61,,
09:51:00,62,,
09:51:10,61,,
09:51:20,60,,
09:51:30,60,,
09:51:40,66,,
09:51:50,68,,
09:52:05,68,,
09:52:10,69,,
09:52:20,66,,
09:52:30,64,,
09:52:40,63,,
09:52:50,65,,
09:53:00,64,,
09:53:10,66,,
09:53:20,65,,
09:53:30,64,,
09:53:40,65,,
09:53:50,69,,
09:54:00,66,,
09:54:10,65,,
09:54:20,66,,
09:54:30,61,,
09:54:40,66,,
09:54:50,69,,
09:55:00,67,,
09:55:10,65,,
09:55:20,64,,
09:55:30,63,,
09:55:45,63,,
09:56:00,66,,
09:56:15,66,,
09:56:20,67,,
09:56:30,66,,
09:56:40,68,,
09:56:55,68,,
09:57:00,68,,
09:57:10,68,,
09:57:20,70,,
09:57:30,71,,
09:57:40,68,,
09:57:50,65,,
09:58:00,67,,
09:58:10,66,,
09:58:20,69,,
09:58:30,67,,
09:58:40,66,,
09:58:50,64,,
09:58:55,65,,
09:59:10,65,,
09:59:15,66,,
09:59:20,68,,
09:59:35,68,,
09:59:40,67,,
09:59:50,63,,
10:00:00,62,,
10:00:05,62,,
10:00:15,64,,
10:00:20,66,,
10:00:30,71,,
10:00:40,74,,
10:00:55,74,,
10:01:00,61,,
10:01:10,63,,
10:01:20,60,,
10:01:30,61,,
10:01:40,60,,
10:01:50,61,,
10:02:00,60,,
10:02:10,62,,
10:02:20,62,,
10:02:30,60,,
10:02:40,62,,
10:02:50,63,,
10:03:00,64,,
10:03:10,64,,
10:03:25,64,,
10:03:30,63,,
10:03:40,64,,
10:03:50,62,,
10:04:00,60,,
10:04:10,62,,
10:04:20,61,,
10:04:30,66,,
10:04:40,61,,
10:04:50,60,,
10:05:00,62,,
10:05:10,63,,
10:05:20,63,,
10:05:30,64,,
10:05:45,64,,
10:05:50,65,,
10:06:00,64,,
10:06:10,62,,
10:06:20,64,,
10:06:30,68,,
10:06:40,65,,
10:06:50,64,,
10:07:00,63,,
10:07:10,64,,
10:07:20,62,,
10:07:30,64,,
10:07:40,65,,
10:07:50,63,,
10:08:00,64,,
10:08:10,67,,
10:08:20,66,,
10:08:30,65,,
10:08:45,65,,
10:08:50,66,,
10:09:00,68,,
10:09:10,68,,
10:09:20,65,,
10:09:30,64,,
10:09:40,63,,
10:09:50,63,,
10:10:00,65,,
10:10:10,67,,
10:10:20,66,,
10:10:30,65,,
10:10:40,66,,
10:10:50,67,,
10:11:00,64,,
10:11:10,66,,
10:11:20,67,,
10:11:35,67,,
10:11:40,68,,
10:11:50,66,,
10:12:05,66,,
10:12:10,64,,
10:12:20,68,,
10:12:30,66,,
10:12:40,68,,
10:12:50,67,,
10:13:05,67,,
10:13:10,67,,
10:13:20,66,,
10:13:30,68,,
10:13:40,66,,
10:13:50,67,,
10:14:00,67,,
10:14:15,67,,
10:14:20,69,,
10:14:30,67,,
10:14:45,67,,
10:14:50,68,,
10:15:00,67,,
10:15:10,68,,
10:15:20,65,,
10:15:30,66,,
10:15:40,68,,
10:15:55,68,,
10:16:00,68,,
10:16:10,66,,
10:16:20,67,,
10:16:30,68,,
10:16:40,69,,
10:16:50,68,,
10:17:00,67,,
10:17:15,67,,
10:17:20,68,,
10:17:30,69,,
10:17:40,68,,
10:17:50,66,,
10:18:00,64,,
10:18:10,60,,
10:18:25,60,,
10:18:30,62,,
10:18:40,63,,
10:18:50,65,,
10:19:00,66,,
10:19:10,65,,
10:19:25,65,,
10:19:30,63,,
10:19:40,64,,
10:19:50,67,,
10:20:05,67,,
10:20:10,70,,
10:20:25,70,,
10:20:30,71,,
10:20:45,71,,
10:21:00,70,,
10:21:10,69,,
10:21:25,69,,
10:21:30,71,,
10:21:45,71,,
10:21:50,70,,
10:22:00,70,,
10:22:10,69,,
10:22:20,70,,
10:22:30,68,,
10:22:40,69,,
10:22:50,73,,
10:23:00,70,,
10:23:10,70,,
10:23:20,72,,
10:23:30,73,,
10:23:40,71,,
10:23:50,71,,
10:24:00,73,,
10:24:10,71,,
10:24:20,67,,
10:24:30,70,,
10:24:40,71,,
10:24:55,71,,
10:25:10,70,,
10:25:25,70,,
10:25:30,71,,
10:25:40,71,,
10:25:50,70,,
10:26:00,71,,
10:26:15,71,,
10:26:25,71,,
10:26:30,66,,
10:26:35,66,,
10:26:40,67,,
10:26:50,80,,
10:27:00,77,,
10:27:10,76,,
10:27:20,71,,
10:27:30,68,,
10:27:40,67,,
10:27:55,67,,
10:28:00,66,,
10:28:10,63,,
10:28:20,62,,
10:28:30,63,,
10:28:40,62,,
10:28:50,62,,
10:29:05,62,,
10:29:10,60,,
10:29:20,61,,
10:29:30,62,,
10:29:40,63,,
10:29:50,66,,
10:30:00,67,,
10:30:10,66,,
10:30:20,65,,
10:30:30,67,,
10:30:40,66,,
10:30:50,66,,
10:31:05,66,,
10:31:10,65,,
10:31:20,63,,
10:31:35,63,,
10:31:40,63,,
10:31:50,63,,
10:32:00,63,,
10:32:10,62,,
10:32:20,61,,
10:32:30,63,,
10:32:40,64,,
10:32:55,64,,
10:33:00,63,,
10:33:15,63,,
10:33:30,64,,
10:33:40,64,,
10:33:50,63,,
10:34:05,63,,
10:34:10,66,,
10:34:25,66,,
10:34:30,66,,
10:34:40,64,,
10:34:50,65,,
10:35:05,65,,
10:35:20,63,,
10:35:35,63,,
10:35:40,64,,
10:35:50,65,,
10:36:00,67,,
10:36:10,68,,
10:36:25,68,,
10:36:30,68,,
10:36:40,65,,
10:36:50,65,,
10:37:00,65,,
10:37:10,65,,
10:37:20,67,,
10:37:35,67,,
10:37:40,65,,
10:37:50,65,,
10:38:00,66,,
10:38:10,67,,
10:38:25,67,,
10:38:30,68,,
10:38:45,68,,
10:39:00,68,,
10:39:10,67,,
10:39:20,67,,
10:39:30,69,,
10:39:45,69,,
10:39:50,69,,
10:40:00,69,,
10:40:15,69,,
10:40:30,69,,
10:40:40,68,,
10:40:55,68,,
10:41:00,66,,
10:41:10,65,,
10:41:20,66,,
10:41:30,67,,
10:41:40,69,,
10:41:55,69,,
10:42:00,69,,
10:42:15,69,,
10:42:20,81,,
10:42:30,80,,
10:42:40,77,,
10:42:50,72,,
10:43:00,69,,
10:43:10,66,,
10:43:15,69,,
10:43:20,68,,
10:43:25,69,,
10:43:30,68,,
10:43:40,69,,
10:43:50,64,,
10:44:00,60,,
10:44:15,60,,
10:44:20,59,,
10:44:35,59,,
10:44:40,60,,
10:44:50,59,,
10:45:00,59,,
10:45:15,59,,
10:45:20,61,,
10:45:30,63,,
10:45:40,62,,
10:45:50,61,,
10:46:00,61,,
10:46:10,60,,
10:46:20,59,,
10:46:35,59,,
10:46:40,63,,
10:46:50,61,,
10:47:00,60,,
10:47:10,62,,
10:47:20,64,,
10:47:35,64,,
10:47:40,62,,
10:47:50,62,,
10:48:05,62,,
10:48:10,59,,
10:48:20,62,,
10:48:30,63,,
10:48:40,64,,
10:48:50,62,,
10:49:00,61,,
10:49:10,60,,
10:49:25,60,,
10:49:30,57,,
10:49:40,60,,
10:49:55,60,,
10:50:00,57,,
10:50:10,59,,
10:50:20,63,,
10:50:30,64,,
10:50:40,59,,
10:50:50,57,,
10:51:00,57,,
10:51:15,57,,
10:51:20,61,,
10:51:35,62,,
10:51:40,61,,
10:51:50,85,,
10:52:00,82,,
10:52:10,67,,
10:52:20,56,,
10:52:30,58,,
10:52:35,59,,
10:52:50,57,,
10:53:00,57,,
10:53:05,57,,
10:53:20,57,,
10:53:30,57,,
10:53:45,57,,
10:53:50,58,,
10:54:00,57,,
10:54:10,55,,
10:54:20,57,,
10:54:30,56,,
10:54:40,58,,
10:54:55,58,,
10:55:00,62,,
10:55:10,64,,
10:55:25,64,,
10:55:30,68,,
10:55:40,70,,
10:55:50,71,,
10:56:00,59,,
10:56:15,59,,
10:56:20,56,,
10:56:30,57,,
10:56:40,56,,
10:56:50,57,,
10:57:00,58,,
10:57:10,57,,
10:57:20,57,,
10:57:30,64,,
10:57:40,66,,
10:57:50,62,,
10:58:00,60,,
10:58:10,59,,
10:58:20,63,,
10:58:30,65,,
10:58:45,65,,
10:58:50,61,,
10:59:00,58,,
10:59:15,58,,
10:59:30,59,,
10:59:40,60,,
10:59:50,60,,
11:00:00,64,,
11:00:10,64,,
11:00:20,63,,
11:00:30,59,,
11:00:40,58,,
11:00:50,56,,
11:01:00,59,,
11:01:10,60,,
11:01:20,58,,
11:01:30,57,,
11:01:45,57,,
11:01:50,56,,
11:02:00,58,,
11:02:15,58,,
11:02:25,58,,
11:02:40,72,,
11:02:50,77,,
11:03:00,73,,
11:03:10,68,,
11:03:20,66,,
11:03:35,66,,
11:03:40,59,,
11:03:50,56,,
11:04:05,56,,
11:04:10,57,,
11:04:25,57,,
11:04:30,60,,
11:04:40,62,,
11:04:50,60,,
11:05:00,59,,
11:05:10,56,,
11:05:20,59,,
11:05:35,59,,
11:05:40,62,,
11:05:50,63,,
11:06:00,64,,
11:06:10,64,,
11:06:25,64,,
11:06:30,63,,
11:06:40,63,,
11:06:50,57,,
11:07:05,57,,
11:07:10,59,,
11:07:20,62,,
11:07:30,64,,
11:07:40,63,,
11:07:50,64,,
11:08:00,63,,
11:08:10,63,,
11:08:20,61,,
11:08:30,59,,
11:08:40,61,,
11:08:50,60,,
11:09:00,58,,
11:09:10,58,,
11:09:20,55,,
11:09:30,56,,
11:09:40,58,,
11:09:50,60,,
11:10:00,61,,
11:10:10,59,,
11:10:20,57,,
11:10:30,60,,
11:10:45,60,,
11:10:50,59,,
11:11:00,61,,
11:11:10,64,,
11:11:20,63,,
11:11:30,62,,
11:11:40,65,,
11:11:50,61,,
11:11:55,61,,
11:12:00,62,,
11:12:10,78,,
11:12:20,86,,
11:12:30,82,,
11:12:40,79,,
11:12:50,75,,
11:13:00,69,,
11:13:10,62,,
11:13:20,61,,
11:13:30,61,,
11:13:40,57,,
11:13:50,60,,
11:14:00,65,,
11:14:10,63,,
11:14:25,63,,
11:14:30,61,,
11:14:40,63,,
11:14:50,59,,
11:15:00,60,,
11:15:10,63,,
11:15:20,62,,
11:15:30,63,,
11:15:40,60,,
11:15:50,62,,
11:16:00,64,,
11:16:10,63,,
11:16:20,59,,
11:16:30,62,,
11:16:40,61,,
11:16:55,61,,
11:17:00,60,,
11:17:15,60,,
11:17:20,61,,
11:17:30,62,,
11:17:40,64,,
11:17:55,64,,
11:18:00,62,,
11:18:10,64,,
11:18:20,62,,
11:18:35,62,,
11:18:40,63,,
11:18:50,60,,
11:19:00,61,,
11:19:15,61,,
11:19:20,62,,
11:19:30,63,,
11:19:40,64,,
11:19:50,63,,
11:20:05,63,,
11:20:10,65,,
11:20:20,64,,
11:20:30,64,,
11:20:40,62,,
11:20:50,61,,
11:21:00,62,,
11:21:10,63,,
11:21:20,61,,
11:21:30,63,,
11:21:45,63,,
11:22:00,65,,
11:22:10,63,,
11:22:20,62,,
11:22:30,64,,
11:22:40,62,,
11:22:50,66,,
11:23:00,65,,
11:23:10,62,,
11:23:20,63,,
11:23:30,64,,
11:23:40,66,,
11:23:50,64,,
11:24:05,64,,
11:24:10,63,,
11:24:20,64,,
11:24:35,64,,
11:24:40,63,,
11:24:50,66,,
11:25:00,67,,
11:25:10,68,,
11:25:20,65,,
11:25:30,64,,
11:25:40,65,,
11:25:55,65,,
11:26:05,67,,
11:26:10,84,,
11:26:20,84,,
11:26:30,90,,
11:26:40,79,,
11:26:45,76,,
11:27:00,75,,
11:27:15,75,,
11:27:20,75,,
11:27:35,75,,
11:27:45,76,,
11:27:50,78,,
11:27:55,81,,
11:28:00,83,,
11:28:10,96,,
11:28:15,96,,
11:28:20,97,,
11:28:25,98,,
11:28:30,97,,
11:28:35,96,,
11:28:40,95,,
11:28:55,95,,
11:29:00,94,,
11:29:10,91,,
11:29:15,90,,
11:29:30,86,,
11:29:40,85,,
11:29:50,80,,
11:30:00,79,,
11:30:10,77,,
11:30:15,76,,
11:30:20,77,,
11:30:25,79,,
11:30:35,77,,
11:30:40,79,,
11:30:45,79,,
11:31:00,78,,
11:31:05,80,,
11:31:10,81,,
11:31:20,83,,
11:31:25,81,,
11:31:40,82,,
11:31:45,80,,
11:31:50,78,,
11:31:55,78,,
11:32:05,87,,
11:32:20,86,,
11:32:30,85,,
11:32:45,85,,
11:32:50,84,,
11:33:05,84,,
11:33:10,83,,
11:33:15,84,,
11:33:20,83,,
11:33:35,82,,
11:33:40,80,,
11:33:45,79,,
11:33:50,78,,
11:34:00,78,,
11:34:10,78,,
11:34:15,78,,
11:34:30,77,,
11:34:40,76,,
11:34:45,75,,
11:35:00,75,,
11:35:10,74,,
11:35:20,73,,
11:35:30,75,,
11:35:35,77,,
11:35:40,77,,
11:35:55,77,,
11:36:00,78,,
11:36:15,78,,
11:36:25,76,,
11:36:30,74,,
11:36:35,75,,
11:36:40,79,,
11:36:45,83,,
11:36:55,82,,
11:37:05,81,,
11:37:20,81,,
11:37:25,81,,
11:37:40,81,,
11:37:55,81,,
11:38:00,80,,
11:38:15,66,,
11:38:30,67,,
11:38:40,67,,
11:38:45,68,,
11:38:50,69,,
11:38:55,70,,
11:39:10,71,,
11:39:20,73,,
11:39:35,73,,
11:39:40,73,,
11:39:45,73,,
11:40:00,73,,
11:40:10,78,,
11:40:15,78,,
11:40:30,77,,
11:40:40,70,,
11:40:55,69,,
11:41:10,69,,
11:41:25,68,,
11:41:30,67,,
11:41:35,68,,
11:41:45,69,,
11:41:50,76,,
11:41:55,77,,
11:42:00,76,,
11:42:05,75,,
11:42:10,75,,
11:42:25,75,,
11:42:30,74,,
11:42:35,73,,
11:42:50,73,,
11:43:05,73,,
11:43:20,73,,
11:43:30,73,,
11:43:35,74,,
11:43:50,74,,
11:43:55,75,,
11:44:00,75,,
11:44:05,76,,
11:44:10,78,,
11:44:15,78,,
11:44:25,77,,
11:44:35,77,,
11:44:50,77,,
11:45:00,79,,
11:45:10,81,,
11:45:15,82,,
11:45:30,82,,
11:45:45,82,,
11:46:00,83,,
11:46:10,82,,
11:46:25,82,,
11:46:40,81,,
11:46:45,80,,
11:46:55,79,,
11:47:10,76,,
11:47:15,75,,
11:47:20,76,,
11:47:30,75,,
11:47:40,76,,
11:47:50,76,,
11:48:05,76,,
11:48:10,75,,
11:48:15,74,,
11:48:20,72,,
11:48:30,71,,
11:48:35,71,,
11:48:40,72,,
11:48:50,73,,
11:49:05,73,,
11:49:15,71,,
11:49:30,71,,
11:49:35,70,,
11:49:40,69,,
11:49:45,70,,
11:49:50,71,,
11:50:05,71,,
11:50:20,71,,
11:50:30,72,,
11:50:45,72,,
11:50:50,71,,
11:51:05,72,,
11:51:10,73,,
11:51:15,72,,
11:51:30,72,,
11:51:35,74,,
11:51:40,80,,
11:51:45,78,,
11:52:00,78,,
11:52:05,76,,
11:52:15,75,,
11:52:20,73,,
11:52:30,73,,
11:52:40,74,,
11:52:50,73,,
11:52:55,70,,
11:53:00,65,,
11:53:10,68,,
11:53:20,62,,
11:53:25,62,,
11:53:40,70,,
11:53:50,72,,
11:54:00,62,,
11:54:15,62,,
11:54:20,59,,
11:54:30,64,,
11:54:45,64,,
11:54:50,67,,
11:54:55,67,,
11:55:10,67,,
11:55:25,67,,
11:55:30,67,,
11:55:35,68,,
11:55:50,68,,
11:56:00,72,,
11:56:10,73,,
11:56:20,70,,
11:56:25,69,,
11:56:35,70,,
11:56:50,64,,
11:57:00,62,,
11:57:05,63,,
11:57:10,64,,
11:57:15,65,,
11:57:25,66,,
11:57:35,67,,
11:57:50,68,,
11:58:00,68,,
11:58:05,69,,
11:58:20,70,,
11:58:35,70,,
11:58:40,73,,
11:58:55,73,,
11:59:00,70,,
11:59:10,65,,
11:59:20,65,,
11:59:25,66,,
11:59:30,71,,
11:59:40,72,,
11:59:55,72,,
12:00:00,71,,
12:00:15,71,,
12:00:20,73,,
12:00:30,73,,
12:00:45,73,,
12:00:50,69,,
12:01:00,66,,
12:01:10,67,,
12:01:20,68,,
12:01:35,68,,
12:01:40,69,,
12:01:50,68,,
12:02:05,68,,
12:02:10,70,,
12:02:20,72,,
12:02:30,68,,
12:02:40,66,,
12:02:55,66,,
12:03:10,70,,
12:03:20,71,,
12:03:25,70,,
12:03:40,70,,
12:03:50,74,,
12:03:55,74,,
12:04:10,74,,
12:04:20,73,,
12:04:25,70,,
12:04:40,70,,
12:04:45,69,,
12:04:55,68,,
12:05:00,68,,
12:05:05,69,,
12:05:20,69,,
12:05:35,70,,
12:05:40,71,,
12:05:45,71,,
12:05:50,72,,
12:06:05,73,,
12:06:10,72,,
12:06:20,65,,
12:06:25,64,,
12:06:35,65,,
12:06:40,66,,
12:06:45,67,,
12:06:55,68,,
12:07:00,67,,
12:07:10,68,,
12:07:20,69,,
12:07:35,69,,
12:07:40,73,,
12:07:45,72,,
12:07:50,70,,
12:07:55,69,,
12:08:05,68,,
12:08:10,67,,
12:08:15,66,,
12:08:30,66,,
12:08:35,67,,
12:08:50,67,,
12:09:00,76,,
12:09:10,73,,
12:09:20,70,,
12:09:25,69,,
12:09:40,70,,
12:09:50,69,,
12:09:55,70,,
12:10:00,69,,
12:10:05,70,,
12:10:10,69,,
12:10:20,69,,
12:10:30,69,,
12:10:35,70,,
12:10:45,71,,
12:11:00,74,,
12:11:05,76,,
12:11:10,78,,
12:11:20,77,,
12:11:25,75,,
12:11:30,74,,
12:11:35,73,,
12:11:50,72,,
12:11:55,71,,
12:12:00,71,,
12:12:10,67,,
12:12:15,66,,
12:12:25,67,,
12:12:30,66,,
12:12:40,68,,
12:12:45,70,,
12:12:50,72,,
12:12:55,73,,
12:13:00,74,,
12:13:10,74,,
12:13:15,73,,
12:13:20,72,,
12:13:30,71,,
12:13:40,71,,
12:13:55,71,,
12:14:10,68,,
12:14:20,70,,
12:14:30,70,,
12:14:45,70,,
12:15:00,70,,
12:15:15,70,,
12:15:20,72,,
12:15:25,71,,
12:15:40,69,,
12:15:50,66,,
12:16:05,66,,
12:16:15,76,,
12:16:20,78,,
12:16:25,79,,
12:16:35,78,,
12:16:50,76,,
12:17:00,77,,
12:17:10,76,,
12:17:15,75,,
12:17:20,76,,
12:17:35,76,,
12:17:50,76,,
12:17:55,75,,
12:18:00,77,,
12:18:10,76,,
12:18:15,73,,
12:18:20,74,,
12:18:35,74,,
12:18:40,73,,
12:18:50,72,,
12:19:00,71,,
12:19:15,71,,
12:19:20,77,,
12:19:30,72,,
12:19:40,73,,
12:19:55,73,,
12:20:00,72,,
12:20:10,63,,
12:20:15,63,,
12:20:30,72,,
12:20:40,76,,
12:20:50,72,,
12:21:00,67,,
12:21:10,68,,
12:21:20,69,,
12:21:30,72,,
12:21:40,74,,
12:21:50,75,,
12:21:55,76,,
12:22:10,76,,
12:22:20,74,,
12:22:35,74,,
12:22:50,74,,
12:23:05,72,,
12:23:20,72,,
12:23:30,74,,
12:23:35,75,,
12:23:45,74,,
12:24:00,71,,
12:24:05,71,,
12:24:10,70,,
12:24:25,75,,
12:24:40,74,,
12:24:50,67,,
12:25:00,69,,
12:25:10,71,,
12:25:20,74,,
12:25:30,75,,
12:25:40,73,,
12:25:50,71,,
12:25:55,70,,
12:26:10,67,,
12:26:25,67,,
12:26:30,68,,
12:26:40,71,,
12:26:55,70,,
12:27:05,71,,
12:27:10,72,,
12:27:20,69,,
12:27:25,71,,
12:27:40,73,,
12:27:45,72,,
12:27:50,68,,
12:28:00,68,,
12:28:05,67,,
12:28:20,66,,
12:28:35,65,,
12:28:50,67,,
12:29:00,66,,
12:29:10,65,,
12:29:15,65,,
12:29:30,64,,
12:29:40,64,,
12:29:45,65,,
12:29:55,77,,
12:30:00,77,,
12:30:10,74,,
12:30:20,64,,
12:30:25,63,,
12:30:30,63,,
12:30:45,62,,
12:31:00,64,,
12:31:05,63,,
12:31:15,63,,
12:31:20,64,,
12:31:30,68,,
12:31:35,69,,
12:31:50,69,,
12:32:00,72,,
12:32:05,74,,
12:32:10,73,,
12:32:20,75,,
12:32:35,75,,
12:32:40,74,,
12:32:50,70,,
12:32:55,69,,
12:33:10,69,,
12:33:15,70,,
12:33:25,69,,
12:33:30,70,,
12:33:35,69,,
12:33:50,67,,
12:33:55,66,,
12:34:10,67,,
12:34:20,68,,
12:34:30,67,,
12:34:35,66,,
12:34:40,65,,
12:34:55,66,,
12:35:00,66,,
12:35:05,67,,
12:35:10,66,,
12:35:15,65,,
12:35:20,66,,
12:35:30,68,,
12:35:35,69,,
12:35:40,69,,
12:35:45,69,,
12:36:00,66,,
12:36:05,66,,
12:36:15,68,,
12:36:20,67,,
12:36:30,68,,
12:36:40,70,,
12:36:50,70,,
12:37:05,70,,
12:37:10,69,,
12:37:20,69,,
12:37:35,69,,
12:37:40,67,,
12:37:50,70,,
12:38:05,70,,
12:38:10,72,,
12:38:15,72,,
12:38:30,70,,
12:38:40,71,,
12:38:45,70,,
12:38:50,69,,
12:38:55,70,,
12:39:05,71,,
12:39:10,70,,
12:39:20,72,,
12:39:25,72,,
12:39:30,73,,
12:39:45,73,,
12:39:50,75,,
12:40:00,74,,
12:40:10,75,,
12:40:15,74,,
12:40:20,75,,
12:40:30,74,,
12:40:35,75,,
12:40:40,74,,
12:40:50,75,,
12:41:05,75,,
12:41:10,79,,
12:41:20,76,,
12:41:30,74,,
12:41:45,74,,
12:41:50,77,,
12:42:00,71,,
12:42:10,71,,
12:42:20,75,,
12:42:35,75,,
12:42:40,71,,
12:42:45,72,,
12:42:50,73,,
12:43:00,74,,
12:43:15,74,,
12:43:20,75,,
12:43:30,77,,
12:43:35,76,,
12:43:40,75,,
12:43:50,67,,
12:44:00,67,,
12:44:10,65,,
12:44:20,68,,
12:44:35,68,,
12:44:50,70,,
12:44:55,64,,
12:45:10,64,,
12:45:20,63,,
12:45:25,62,,
12:45:30,63,,
12:45:40,73,,
12:45:50,71,,
12:46:00,67,,
12:46:10,73,,
12:46:20,75,,
12:46:30,76,,
12:46:40,73,,
12:46:55,73,,
12:47:00,71,,
12:47:10,71,,
12:47:15,70,,
12:47:20,69,,
12:47:25,70,,
12:47:30,71,,
12:47:35,72,,
12:47:50,73,,
12:48:00,72,,
12:48:10,69,,
12:48:20,70,,
12:48:25,71,,
12:48:30,70,,
12:48:35,71,,
12:48:50,67,,
12:49:00,69,,
12:49:10,69,,
12:49:15,68,,
12:49:20,71,,
12:49:30,69,,
12:49:35,68,,
12:49:50,69,,
12:50:00,70,,
12:50:10,68,,
12:50:15,67,,
12:50:20,68,,
12:50:30,68,,
12:50:40,69,,
12:50:50,70,,
12:51:00,69,,
12:51:10,70,,
12:51:25,70,,
12:51:30,72,,
12:51:40,70,,
12:51:55,70,,
12:52:05,69,,
12:52:10,68,,
12:52:15,68,,
12:52:20,69,,
12:52:30,71,,
12:52:40,77,,
12:52:50,75,,
12:53:05,75,,
12:53:10,74,,
12:53:25,75,,
12:53:30,74,,
12:53:40,80,,
12:53:50,74,,
12:54:00,73,,
12:54:05,73,,
12:54:20,69,,
12:54:25,69,,
12:54:40,69,,
12:54:50,66,,
12:55:00,69,,
12:55:10,72,,
12:55:15,72,,
12:55:30,72,,
12:55:40,86,,
12:55:50,84,,
12:56:00,81,,
12:56:10,78,,
12:56:20,74,,
12:56:25,74,,
12:56:40,74,,
12:56:45,76,,
12:56:50,78,,
12:56:55,81,,
12:57:00,81,,
12:57:10,87,,
12:57:15,86,,
12:57:20,86,,
12:57:25,87,,
12:57:30,77,,
12:57:35,71,,
12:57:40,71,,
12:57:45,64,,
12:57:50,66,,
12:57:55,65,,
12:58:00,72,,
12:58:10,71,,
12:58:20,69,,
12:58:30,67,,
12:58:40,67,,
12:58:55,67,,
12:59:05,68,,
12:59:10,77,,
12:59:15,79,,
12:59:20,80,,
12:59:35,75,,
12:59:40,74,,
12:59:45,72,,
12:59:50,71,,
12:59:55,70,,
13:00:00,68,,
13:00:05,67,,
13:00:10,66,,
13:00:15,65,,
13:00:20,66,,
13:00:35,66,,
13:00:45,67,,
13:01:00,66,,
13:01:10,64,,
13:01:20,65,,
13:01:30,65,,
13:01:35,67,,
13:01:50,68,,
13:02:00,67,,
13:02:05,68,,
13:02:20,64,,
13:02:30,65,,
13:02:40,66,,
13:02:45,67,,
13:02:50,68,,
13:02:55,81,,
13:03:00,79,,
13:03:10,76,,
13:03:20,69,,
13:03:30,65,,
13:03:45,65,,
13:03:50,65,,
13:04:05,65,,
13:04:10,64,,
13:04:20,66,,
13:04:30,66,,
13:04:40,63,,
13:04:55,63,,
13:05:00,64,,
13:05:10,65,,
13:05:20,68,,
13:05:30,66,,
13:05:45,66,,
13:05:50,65,,
13:06:00,63,,
13:06:10,64,,
13:06:25,64,,
13:06:30,65,,
13:06:40,68,,
13:06:55,68,,
13:07:00,66,,
13:07:10,67,,
13:07:15,67,,
13:07:20,68,,
13:07:30,67,,
13:07:40,67,,
13:07:50,68,,
13:08:00,66,,
13:08:15,66,,
13:08:20,65,,
13:08:30,66,,
13:08:45,66,,
13:08:50,78,,
13:09:00,79,,
13:09:10,64,,
13:09:20,60,,
13:09:30,59,,
13:09:40,58,,
13:09:50,61,,
13:10:05,61,,
13:10:10,64,,
13:10:20,62,,
13:10:30,62,,
13:10:40,58,,
13:10:50,59,,
13:11:05,59,,
13:11:10,62,,
13:11:20,64,,
13:11:30,63,,
13:11:40,64,,
13:11:50,62,,
13:12:00,61,,
13:12:10,62,,
13:12:20,61,,
13:12:35,61,,
13:12:45,61,,
13:13:00,62,,
13:13:10,69,,
13:13:20,70,,
13:13:30,63,,
13:13:40,60,,
13:13:55,60,,
13:14:00,66,,
13:14:10,65,,
13:14:20,64,,
13:14:35,64,,
13:14:40,61,,
13:14:45,60,,
13:15:00,79,,
13:15:10,74,,
13:15:20,72,,
13:15:30,67,,
13:15:40,67,,
13:15:50,61,,
13:16:00,62,,
13:16:10,66,,
13:16:20,62,,
13:16:30,63,,
13:16:40,64,,
13:16:50,63,,
13:17:00,61,,
13:17:10,61,,
13:17:20,59,,
13:17:30,60,,
13:17:40,61,,
13:17:50,60,,
13:18:00,62,,
13:18:10,63,,
13:18:20,60,,
13:18:30,60,,
13:18:40,62,,
13:18:50,63,,
13:19:00,62,,
13:19:15,62,,
13:19:20,61,,
13:19:30,70,,
13:19:40,82,,
13:19:50,72,,
13:20:00,64,,
13:20:15,64,,
13:20:20,63,,
13:20:30,62,,
13:20:40,60,,
13:20:50,59,,
13:21:05,59,,
13:21:20,59,,
13:21:30,61,,
13:21:40,61,,
13:21:50,58,,
13:22:00,57,,
13:22:10,60,,
13:22:20,64,,
13:22:35,64,,
13:22:45,65,,
13:22:55,65,,
13:23:10,61,,
13:23:20,60,,
13:23:35,60,,
13:23:40,58,,
13:23:50,57,,
13:24:00,59,,
13:24:10,60,,
13:24:20,59,,
13:24:35,59,,
13:24:40,60,,
13:24:55,60,,
13:25:10,60,,
13:25:20,58,,
13:25:30,59,,
13:25:40,58,,
13:25:50,57,,
13:26:05,57,,
13:26:10,58,,
13:26:25,58,,
13:26:30,56,,
13:26:35,57,,
13:26:50,57,,
13:27:00,97,,
13:27:10,88,,
13:27:20,61,,
13:27:30,58,,
13:27:40,58,,
13:27:50,57,,
13:28:05,57,,
13:28:10,56,,
13:28:20,58,,
13:28:30,59,,
13:28:40,60,,
13:28:50,57,,
13:29:00,60,,
13:29:15,60,,
13:29:20,61,,
13:29:30,60,,
13:29:40,62,,
13:29:50,61,,
13:30:00,57,,
13:30:10,55,,
13:30:20,54,,
13:30:30,58,,
13:30:40,62,,
13:30:50,60,,
13:31:00,60,,
13:31:10,58,,
13:31:20,59,,
13:31:30,61,,
13:31:40,62,,
13:31:55,62,,
13:32:10,65,,
13:32:20,59,,
13:32:30,60,,
13:32:40,59,,
13:32:50,58,,
13:33:00,60,,
13:33:10,63,,
13:33:20,60,,
13:33:30,61,,
13:33:40,59,,
13:33:50,57,,
13:34:00,56,,
13:34:10,56,,
13:34:20,58,,
13:34:30,63,,
13:34:45,63,,
13:35:00,63,,
13:35:10,62,,
13:35:25,62,,
13:35:30,61,,
13:35:40,60,,
13:35:50,60,,
13:36:00,62,,
13:36:10,60,,
13:36:20,57,,
13:36:30,60,,
13:36:45,60,,
13:36:50,58,,
13:37:00,59,,
13:37:10,60,,
13:37:20,59,,
13:37:30,62,,
13:37:40,64,,
13:37:55,64,,
13:38:00,62,,
13:38:10,61,,
13:38:20,60,,
13:38:30,62,,
13:38:40,66,,
13:38:50,64,,
13:39:05,64,,
13:39:10,63,,
13:39:20,64,,
13:39:30,63,,
13:39:45,63,,
13:39:50,64,,
13:40:00,62,,
13:40:10,64,,
13:40:20,65,,
13:40:30,66,,
13:40:40,65,,
13:40:50,64,,
13:41:00,66,,
13:41:15,66,,
13:41:30,59,,
13:41:45,59,,
13:41:50,58,,
13:41:55,58,,
13:42:00,59,,
13:42:10,60,,
13:42:20,59,,
13:42:30,57,,
13:42:45,57,,
13:42:50,57,,
13:43:00,59,,
13:43:10,62,,
13:43:20,61,,
13:43:30,58,,
13:43:40,57,,
13:43:50,56,,
13:44:00,59,,
13:44:10,59,,
13:44:20,57,,
13:44:30,59,,
13:44:40,60,,
13:44:50,61,,
13:45:00,61,,
13:45:15,61,,
13:45:20,61,,
13:45:30,59,,
13:45:40,58,,
13:45:50,57,,
13:46:00,56,,
13:46:10,57,,
13:46:25,57,,
13:46:40,61,,
13:46:50,58,,
13:47:00,58,,
13:47:10,59,,
13:47:20,62,,
13:47:35,62,,
13:47:45,63,,
13:48:00,63,,
13:48:05,64,,
13:48:10,78,,
13:48:15,79,,
13:48:20,80,,
13:48:25,75,,
13:48:30,73,,
13:48:35,71,,
13:48:40,66,,
13:48:50,65,,
13:48:55,59,,
13:49:05,60,,
13:49:10,59,,
13:49:20,60,,
13:49:30,59,,
13:49:40,60,,
13:49:55,60,,
13:50:00,60,,
13:50:10,59,,
13:50:20,61,,
13:50:30,60,,
13:50:40,62,,
13:50:55,62,,
13:51:00,63,,
13:51:10,62,,
13:51:25,62,,
13:51:40,61,,
13:51:50,59,,
13:52:00,57,,
13:52:10,59,,
13:52:20,61,,
13:52:30,58,,
13:52:40,60,,
13:52:55,60,,
13:53:00,61,,
13:53:10,62,,
13:53:25,62,,
13:53:40,62,,
13:53:50,61,,
13:54:05,61,,
13:54:20,62,,
13:54:35,62,,
13:54:40,61,,
13:54:50,64,,
13:55:00,63,,
13:55:10,59,,
13:55:20,62,,
13:55:30,60,,
13:55:40,61,,
13:55:50,62,,
13:56:00,65,,
13:56:10,62,,
13:56:20,60,,
13:56:30,61,,
13:56:40,62,,
13:56:55,62,,
13:57:00,58,,
13:57:10,60,,
13:57:20,61,,
13:57:30,62,,
13:57:40,63,,
13:57:55,63,,
13:58:00,64,,
13:58:10,59,,
13:58:20,60,,
13:58:30,63,,
13:58:45,63,,
13:58:50,65,,
13:59:00,63,,
13:59:15,63,,
13:59:30,61,,
13:59:40,62,,
13:59:50,64,,
14:00:00,65,,
14:00:15,65,,
14:00:20,63,,
14:00:35,63,,
14:00:40,65,,
14:00:55,65,,
14:01:00,63,,
14:01:15,63,,
14:01:20,64,,
14:01:30,66,,
14:01:45,66,,
14:02:00,67,,
14:02:10,65,,
14:02:20,64,,
14:02:30,61,,
14:02:45,61,,
14:03:00,62,,
14:03:15,62,,
14:03:20,60,,
14:03:30,63,,
14:03:40,62,,
14:03:50,64,,
14:04:00,65,,
14:04:10,67,,
14:04:20,65,,
14:04:30,64,,
14:04:40,61,,
14:04:55,61,,
14:05:00,62,,
14:05:10,61,,
14:05:20,62,,
14:05:30,62,,
14:05:40,64,,
14:05:50,65,,
14:06:00,63,,
14:06:10,62,,
14:06:20,63,,
14:06:30,62,,
14:06:45,62,,
14:06:50,63,,
14:07:00,64,,
14:07:15,64,,
14:07:30,61,,
14:07:40,59,,
14:07:50,60,,
14:08:00,61,,
14:08:10,62,,
14:08:15,62,,
14:08:30,71,,
14:08:40,74,,
14:08:50,71,,
14:09:00,69,,
14:09:10,65,,
14:09:20,61,,
14:09:30,58,,
14:09:40,58,,
14:09:50,57,,
14:10:00,58,,
14:10:10,57,,
14:10:25,57,,
14:10:30,59,,
14:10:40,59,,
14:10:50,59,,
14:11:05,59,,
14:11:20,61,,
14:11:30,64,,
14:11:40,64,,
14:11:50,63,,
14:12:00,62,,
14:12:10,60,,
14:12:20,62,,
14:12:35,62,,
14:12:50,64,,
14:13:00,72,,
14:13:10,64,,
14:13:25,64,,
14:13:30,62,,
14:13:40,58,,
14:13:50,57,,
14:14:00,60,,
14:14:10,59,,
14:14:25,60,,
14:14:40,58,,
14:14:50,57,,
14:15:00,56,,
14:15:15,56,,
14:15:20,59,,
14:15:25,59,,
14:15:40,56,,
14:15:50,55,,
14:16:00,54,,
14:16:10,56,,
14:16:20,62,,
14:16:30,62,,
14:16:40,59,,
14:16:50,62,,
14:17:00,65,,
14:17:10,63,,
14:17:20,65,,
14:17:30,66,,
14:17:40,64,,
14:17:50,61,,
14:18:00,60,,
14:18:10,58,,
14:18:20,56,,
14:18:30,55,,
14:18:40,59,,
14:18:50,63,,
14:18:55,64,,
14:19:00,63,,
14:19:10,65,,
14:19:25,65,,
14:19:30,62,,
14:19:40,64,,
14:19:50,66,,
14:20:05,66,,
14:20:10,68,,
14:20:20,69,,
14:20:35,69,,
14:20:40,66,,
14:20:50,65,,
14:21:05,65,,
14:21:10,62,,
14:21:20,61,,
14:21:30,59,,
14:21:40,58,,
14:21:50,59,,
14:22:00,59,,
14:22:15,59,,
14:22:20,57,,
14:22:30,55,,
14:22:40,55,,
14:22:55,55,,
14:23:00,56,,
14:23:10,58,,
14:23:25,58,,
14:23:30,55,,
14:23:40,56,,
14:23:50,58,,
14:24:05,58,,
14:24:10,57,,
14:24:25,57,,
14:24:40,57,,
14:24:50,60,,
14:25:00,58,,
14:25:10,59,,
14:25:20,62,,
14:25:30,61,,
14:25:40,61,,
14:25:50,60,,
14:26:00,58,,
14:26:10,57,,
14:26:20,58,,
14:26:35,58,,
14:26:40,59,,
14:26:50,60,,
14:27:00,60,,
14:27:10,57,,
14:27:20,57,,
14:27:30,58,,
14:27:40,60,,
14:27:50,61,,
14:28:00,58,,
14:28:10,58,,
14:28:20,62,,
14:28:30,65,,
14:28:45,65,,
14:28:50,66,,
14:29:00,67,,
14:29:10,68,,
14:29:20,69,,
14:29:35,69,,
14:29:50,71,,
14:30:00,65,,
14:30:10,64,,
14:30:20,65,,
14:30:25,66,,
14:30:30,67,,
14:30:40,78,,
14:30:50,77,,
14:31:00,60,,
14:31:10,57,,
14:31:20,57,,
14:31:30,59,,
14:31:40,63,,
14:31:50,62,,
14:32:00,62,,
14:32:10,61,,
14:32:20,63,,
14:32:30,64,,
14:32:40,64,,
14:32:50,63,,
14:33:00,57,,
14:33:10,55,,
14:33:20,57,,
14:33:30,59,,
14:33:45,59,,
14:33:50,59,,
14:34:00,63,,
14:34:15,63,,
14:34:20,61,,
14:34:30,62,,
14:34:40,63,,
14:34:45,64,,
14:35:00,72,,
14:35:10,68,,
14:35:20,65,,
14:35:30,65,,
14:35:40,68,,
14:35:50,70,,
14:36:00,70,,
14:36:10,68,,
14:36:20,61,,
14:36:30,60,,
14:36:40,59,,
14:36:55,59,,
14:37:00,58,,
14:37:10,56,,
14:37:25,56,,
14:37:30,57,,
14:37:40,60,,
14:37:50,61,,
14:38:00,63,,
14:38:10,62,,
14:38:20,60,,
14:38:30,60,,
14:38:40,58,,
14:38:50,56,,
14:39:00,56,,
14:39:10,55,,
14:39:20,58,,
14:39:35,58,,
14:39:50,57,,
14:39:55,57,,
14:40:10,64,,
14:40:20,62,,
14:40:30,57,,
14:40:40,55,,
14:40:50,53,,
14:41:00,52,,
14:41:10,54,,
14:41:20,54,,
14:41:30,56,,
14:41:40,57,,
14:41:50,58,,
14:42:00,62,,
14:42:10,64,,
14:42:20,67,,
14:42:30,67,,
14:42:45,67,,
14:42:50,66,,
14:43:00,67,,
14:43:10,66,,
14:43:20,65,,
14:43:30,63,,
14:43:45,63,,
14:43:50,65,,
14:44:00,64,,
14:44:10,62,,
14:44:25,62,,
14:44:30,64,,
14:44:40,63,,
14:44:50,63,,
14:45:00,56,,
14:45:10,57,,
14:45:20,63,,
14:45:30,68,,
14:45:40,67,,
14:45:55,68,,
14:46:00,67,,
14:46:10,90,,
14:46:20,74,,
14:46:25,73,,
14:46:40,72,,
14:46:50,71,,
14:46:55,72,,
14:47:00,73,,
14:47:10,71,,
14:47:20,67,,
14:47:30,62,,
14:47:40,60,,
14:47:50,59,,
14:48:00,60,,
14:48:10,58,,
14:48:20,61,,
14:48:30,61,,
14:48:40,61,,
14:48:50,64,,
14:49:05,65,,
14:49:10,67,,
14:49:20,69,,
14:49:30,66,,
14:49:40,62,,
14:49:50,61,,
14:50:00,61,,
14:50:15,61,,
14:50:20,62,,
14:50:35,62,,
14:50:40,63,,
14:50:50,60,,
14:51:00,61,,
14:51:10,64,,
14:51:20,63,,
14:51:30,65,,
14:51:40,63,,
14:51:50,64,,
14:52:05,64,,
14:52:10,65,,
14:52:20,66,,
14:52:35,66,,
14:52:40,64,,
14:52:50,63,,
14:53:00,63,,
14:53:10,63,,
14:53:20,62,,
14:53:30,63,,
14:53:40,61,,
14:53:50,62,,
14:54:00,64,,
14:54:10,65,,
14:54:20,66,,
14:54:30,64,,
14:54:40,62,,
14:54:50,63,,
14:55:00,64,,
14:55:15,64,,
14:55:20,68,,
14:55:30,66,,
14:55:40,64,,
14:55:50,63,,
14:56:00,64,,
14:56:15,64,,
14:56:30,67,,
14:56:40,66,,
14:56:50,65,,
14:57:05,65,,
14:57:10,64,,
14:57:25,64,,
14:57:40,64,,
14:57:50,61,,
14:58:00,63,,
14:58:10,66,,
14:58:20,67,,
14:58:35,67,,
14:58:50,67,,
14:59:00,65,,
14:59:15,65,,
14:59:20,64,,
14:59:30,66,,
14:59:40,65,,
14:59:50,66,,
15:00:00,65,,
15:00:10,64,,
15:00:20,66,,
15:00:30,63,,
15:00:40,65,,
15:00:50,66,,
15:01:00,67,,
15:01:10,71,,
15:01:20,65,,
15:01:30,67,,
15:01:40,66,,
15:01:50,68,,
15:02:05,68,,
15:02:20,66,,
15:02:30,62,,
15:02:40,66,,
15:02:50,67,,
15:03:00,68,,
15:03:10,70,,
15:03:20,68,,
15:03:30,66,,
15:03:45,66,,
15:03:50,68,,
15:04:05,68,,
15:04:10,67,,
15:04:25,67,,
15:04:30,69,,
15:04:40,65,,
15:04:50,66,,
15:05:05,66,,
15:05:10,68,,
15:05:15,68,,
15:05:30,68,,
15:05:40,81,,
15:05:50,78,,
15:05:55,76,,
15:06:00,75,,
15:06:15,75,,
15:06:20,60,,
15:06:30,59,,
15:06:40,62,,
15:06:50,66,,
15:07:00,65,,
15:07:10,67,,
15:07:20,68,,
15:07:30,65,,
15:07:40,69,,
15:07:50,67,,
15:08:00,65,,
15:08:15,65,,
15:08:20,64,,
15:08:30,67,,
15:08:40,67,,
15:08:50,66,,
15:09:05,66,,
15:09:20,67,,
15:09:30,67,,
15:09:40,71,,
15:09:50,72,,
15:10:00,67,,
15:10:10,68,,
15:10:20,65,,
15:10:30,67,,
15:10:40,66,,
15:10:50,67,,
15:11:00,66,,
15:11:10,65,,
15:11:20,69,,
15:11:30,68,,
15:11:40,66,,
15:11:50,67,,
15:12:00,65,,
15:12:10,64,,
15:12:20,68,,
15:12:35,68,,
15:12:40,65,,
15:12:50,69,,
15:13:00,71,,
15:13:10,69,,
15:13:20,68,,
15:13:30,67,,
15:13:40,69,,
15:13:55,69,,
15:14:00,67,,
15:14:10,70,,
15:14:25,70,,
15:14:30,69,,
15:14:40,68,,
15:14:55,68,,
15:15:00,69,,
15:15:10,72,,
15:15:20,71,,
15:15:30,70,,
15:15:35,71,,
15:15:40,70,,
15:15:50,99,,
15:16:00,98,,
15:16:05,99,,
15:16:10,99,,
15:16:25,99,,
15:16:40,99,,
15:16:50,99,,
15:17:05,99,,
15:17:10,96,,
15:17:20,95,,
15:17:30,89,,
15:17:35,89,,
15:17:40,88,,
15:17:50,90,,
15:17:55,90,,
15:18:10,85,,
15:18:20,84,,
15:18:30,82,,
15:18:40,79,,
15:18:55,79,,
15:19:10,80,,
15:19:20,69,,
15:19:30,72,,
15:19:35,71,,
15:19:50,75,,
15:19:55,77,,
15:20:00,76,,
15:20:10,76,,
15:20:20,75,,
15:20:30,76,,
15:20:40,76,,
15:20:55,76,,
15:21:05,77,,
15:21:10,78,,
15:21:15,80,,
15:21:20,79,,
15:21:30,80,,
15:21:45,80,,
15:21:50,89,,
15:22:00,78,,
15:22:10,79,,
15:22:20,78,,
15:22:30,77,,
15:22:40,78,,
15:22:50,82,,
15:23:00,83,,
15:23:10,88,,
15:23:20,79,,
15:23:30,81,,
15:23:40,81,,
15:23:50,78,,
15:24:05,78,,
15:24:10,81,,
15:24:25,85,,
15:24:30,81,,
15:24:40,78,,
15:24:50,77,,
15:25:00,76,,
15:25:10,75,,
15:25:20,72,,
15:25:30,75,,
15:25:40,76,,
15:25:50,74,,
15:26:00,73,,
15:26:10,72,,
15:26:25,72,,
15:26:30,73,,
15:26:40,79,,
15:26:55,79,,
15:27:00,78,,
15:27:10,77,,
15:27:20,75,,
15:27:30,78,,
15:27:45,78,,
15:27:50,74,,
15:28:00,73,,
15:28:10,72,,
15:28:25,72,,
15:28:30,73,,
15:28:40,74,,
15:28:50,77,,
15:29:05,77,,
15:29:10,75,,
15:29:20,74,,
15:29:30,73,,
15:29:45,73,,
15:29:50,72,,
15:30:00,74,,
15:30:10,70,,
15:30:20,72,,
15:30:30,73,,
15:30:40,75,,
15:30:45,75,,
15:31:00,89,,
15:31:10,81,,
15:31:20,75,,
15:31:30,73,,
15:31:40,71,,
15:31:50,70,,
15:32:00,67,,
15:32:10,68,,
15:32:20,68,,
15:32:30,68,,
15:32:45,70,,
15:33:00,74,,
15:33:15,74,,
15:33:20,75,,
15:33:30,79,,
15:33:40,81,,
15:33:50,79,,
15:34:00,76,,
15:34:10,79,,
15:34:20,76,,
15:34:30,74,,
15:34:40,73,,
15:34:50,74,,
15:35:00,78,,
15:35:10,77,,
15:35:20,79,,
15:35:35,79,,
15:35:40,87,,
15:35:50,76,,
15:36:00,68,,
15:36:10,67,,
15:36:20,62,,
15:36:30,67,,
15:36:45,67,,
15:36:50,66,,
15:37:00,80,,
15:37:10,70,,
15:37:20,66,,
15:37:30,64,,
15:37:40,67,,
15:37:50,71,,
15:38:00,66,,
15:38:10,66,,
15:38:25,67,,
15:38:40,61,,
15:38:45,63,,
15:39:00,69,,
15:39:10,69,,
15:39:20,61,,
15:39:30,62,,
15:39:40,64,,
15:39:50,71,,
15:40:00,70,,
15:40:10,66,,
15:40:20,68,,
15:40:30,70,,
15:40:40,69,,
15:40:50,71,,
15:41:05,71,,
15:41:10,73,,
15:41:20,66,,
15:41:30,73,,
15:41:40,68,,
15:41:50,71,,
15:42:00,67,,
15:42:10,66,,
15:42:25,66,,
15:42:30,70,,
15:42:45,70,,
15:42:50,71,,
15:43:00,69,,
15:43:15,69,,
15:43:30,71,,
15:43:40,70,,
15:43:55,70,,
15:44:00,71,,
15:44:15,71,,
15:44:30,72,,
15:44:40,73,,
15:44:45,74,,
15:44:50,75,,
15:44:55,78,,
15:45:00,78,,
15:45:10,133,,
15:45:15,133,,
15:45:20,134,,
15:45:35,134,,
15:45:40,130,,
15:45:45,125,,
15:45:50,118,,
15:46:00,116,,
15:46:05,110,,
15:46:10,105,,
15:46:15,87,,
15:46:20,78,,
15:46:25,79,,
15:46:30,79,,
15:46:45,79,,
15:46:55,78,,
15:47:00,78,,
15:47:15,78,,
15:47:20,67,,
15:47:35,66,,
15:47:40,68,,
15:47:50,71,,
15:48:00,71,,
15:48:10,65,,
15:48:25,65,,
15:48:30,69,,
15:48:35,70,,
15:48:50,75,,
15:49:00,74,,
15:49:05,76,,
15:49:20,76,,
15:49:35,76,,
15:49:40,75,,
15:49:50,75,,
15:50:00,71,,
15:50:10,69,,
15:50:25,69,,
15:50:30,72,,
15:50:35,72,,
15:50:50,84,,
15:51:00,81,,
15:51:05,79,,
15:51:20,76,,
15:51:35,76,,
15:51:40,71,,
15:51:45,68,,
15:51:50,69,,
15:52:00,68,,
15:52:10,69,,
15:52:20,71,,
15:52:35,70,,
15:52:40,67,,
15:52:45,65,,
15:52:50,66,,
15:52:55,65,,
15:53:00,65,,
15:53:05,64,,
15:53:10,66,,
15:53:15,68,,
15:53:20,67,,
15:53:25,67,,
15:53:35,67,,
15:53:40,69,,
15:53:45,70,,
15:53:55,71,,
15:54:00,71,,
15:54:10,71,,
15:54:20,72,,
15:54:25,72,,
15:54:30,73,,
15:54:35,75,,
15:54:40,75,,
15:54:50,72,,
15:55:00,71,,
15:55:15,71,,
15:55:30,72,,
15:55:35,71,,
15:55:40,70,,
15:55:45,73,,
15:56:00,72,,
15:56:05,73,,
15:56:15,72,,
15:56:20,73,,
15:56:25,72,,
15:56:30,75,,
15:56:45,75,,
15:57:00,75,,
15:57:05,74,,
15:57:20,74,,
15:57:30,74,,
15:57:45,80,,
15:58:00,80,,
15:58:05,79,,
15:58:10,80,,
15:58:15,81,,
15:58:20,80,,
15:58:35,80,,
15:58:50,80,,
15:59:00,78,,
15:59:10,77,,
15:59:25,77,,
15:59:30,75,,
15:59:35,74,,
15:59:45,75,,
15:59:55,76,,
16:00:00,75,,
16:00:10,73,,
16:00:20,71,,
16:00:30,72,,
16:00:45,72,,
16:00:50,71,,
16:01:05,71,,
16:01:10,72,,
16:01:15,72,,
16:01:20,72,,
16:01:25,71,,
16:01:40,71,,
16:01:45,77,,
16:02:00,77,,
16:02:05,76,,
16:02:15,76,,
16:02:25,77,,
16:02:30,77,,
16:02:45,77,,
16:02:55,76,,
16:03:00,76,,
16:03:15,76,,
16:03:30,76,,
16:03:40,78,,
16:03:45,79,,
16:03:50,80,,
16:03:55,79,,
16:04:10,79,,
16:04:20,78,,
16:04:25,74,,
16:04:30,73,,
16:04:35,72,,
16:04:45,71,,
16:04:55,71,,
16:05:00,71,,
16:05:15,71,,
16:05:20,67,,
16:05:35,67,,
16:05:50,63,,
16:05:55,60,,
16:06:10,58,,
16:06:20,59,,
16:06:35,59,,
16:06:40,54,,
16:06:50,55,,
16:07:05,55,,
16:07:10,56,,
16:07:25,56,,
16:07:30,59,,
16:07:35,58,,
16:07:40,59,,
16:07:45,61,,
16:08:00,74,,
16:08:05,73,,
16:08:20,72,,
16:08:25,71,,
16:08:30,70,,
16:08:40,69,,
16:08:50,74,,
16:08:55,76,,
16:09:10,76,,
16:09:20,75,,
16:09:25,76,,
16:09:40,82,,
16:09:50,79,,
16:10:00,73,,
16:10:10,72,,
16:10:20,68,,
16:10:30,67,,
16:10:40,68,,
16:10:50,68,,
16:11:00,71,,
16:11:10,73,,
16:11:15,71,,
16:11:30,71,,
16:11:45,71,,
16:12:00,71,,
16:12:10,67,,
16:12:20,66,,
16:12:30,63,,
16:12:40,62,,
16:12:50,61,,
16:13:00,62,,
16:13:15,62,,
16:13:20,64,,
16:13:25,65,,
16:13:40,65,,
16:13:45,66,,
16:14:00,72,,
16:14:10,75,,
16:14:20,73,,
16:14:30,72,,
16:14:40,72,,
16:14:50,73,,
16:15:05,73,,
16:15:15,77,,
16:15:30,77,,
16:15:35,77,,
16:15:45,76,,
16:15:50,75,,
16:15:55,74,,
16:16:05,75,,
16:16:20,75,,
16:16:35,75,,
16:16:50,75,,
16:17:05,75,,
16:17:20,75,,
16:17:35,75,,
16:17:40,76,,
16:17:50,73,,
16:17:55,71,,
16:18:00,71,,
16:18:10,70,,
16:18:20,68,,
16:18:30,69,,
16:18:40,71,,
16:18:55,71,,
16:19:00,71,,
16:19:10,70,,
16:19:20,75,,
16:19:25,73,,
16:19:30,72,,
16:19:45,72,,
16:19:50,71,,
16:20:00,72,,
16:20:05,73,,
16:20:20,72,,
16:20:25,71,,
16:20:40,72,,
16:20:55,72,,
16:21:10,71,,
16:21:25,71,,
16:21:30,70,,
16:21:35,71,,
16:21:50,71,,
16:22:05,71,,
16:22:10,70,,
16:22:20,71,,
16:22:30,72,,
16:22:35,72,,
16:22:45,80,,
16:22:50,80,,
16:23:05,80,,
16:23:20,79,,
16:23:30,77,,
16:23:45,76,,
16:23:50,77,,
16:24:00,75,,
16:24:05,72,,
16:24:10,70,,
16:24:15,70,,
16:24:25,71,,
16:24:30,72,,
16:24:35,74,,
16:24:40,74,,
16:24:50,75,,
16:25:05,75,,
16:25:10,76,,
16:25:20,79,,
16:25:25,78,,
16:25:30,77,,
16:25:35,76,,
16:25:40,77,,
16:25:45,78,,
16:26:00,78,,
16:26:05,80,,
16:26:10,82,,
16:26:15,83,,
16:26:20,83,,
16:26:30,82,,
16:26:35,81,,
16:26:40,80,,
16:26:50,83,,
16:26:55,84,,
16:27:05,83,,
16:27:10,83,,
16:27:15,82,,
16:27:20,82,,
16:27:35,80,,
16:27:45,79,,
16:27:55,78,,
16:28:05,78,,
16:28:20,77,,
16:28:30,72,,
16:28:40,69,,
16:28:45,69,,
16:29:00,69,,
16:29:05,68,,
16:29:10,70,,
16:29:20,78,,
16:29:30,73,,
16:29:40,70,,
16:29:50,71,,
16:30:00,73,,
16:30:05,73,,
16:30:20,73,,
16:30:35,73,,
16:30:40,72,,
16:30:50,71,,
16:31:05,71,,
16:31:20,71,,
16:31:30,72,,
16:31:45,72,,
16:31:50,71,,
16:32:05,71,,
16:32:10,73,,
16:32:20,75,,
16:32:30,74,,
16:32:45,74,,
16:33:00,73,,
16:33:15,73,,
16:33:30,72,,
16:33:45,72,,
16:33:50,74,,
16:34:05,74,,
16:34:20,73,,
16:34:30,72,,
16:34:40,70,,
16:34:50,72,,
16:35:00,73,,
16:35:10,72,,
16:35:25,72,,
16:35:30,70,,
16:35:40,69,,
16:35:50,70,,
16:36:00,72,,
16:36:15,72,,
16:36:30,72,,
16:36:40,76,,
16:36:50,76,,
16:37:00,76,,
16:37:10,75,,
16:37:20,73,,
16:37:30,71,,
16:37:40,70,,
16:37:55,70,,
16:38:10,72,,
16:38:25,72,,
16:38:40,70,,
16:38:50,71,,
16:39:00,73,,
16:39:10,74,,
16:39:15,74,,
16:39:30,71,,
16:39:35,72,,
16:39:40,72,,
16:39:50,72,,
16:40:00,75,,
16:40:15,75,,
16:40:20,76,,
16:40:35,76,,
16:40:40,75,,
16:40:50,76,,
16:41:00,76,,
16:41:10,73,,
16:41:15,73,,
16:41:25,71,,
16:41:30,71,,
16:41:40,70,,
16:41:55,70,,
16:42:10,67,,
16:42:20,68,,
16:42:30,69,,
16:42:35,69,,
16:42:50,70,,
16:42:55,72,,
16:43:10,73,,
16:43:15,75,,
16:43:20,81,,
16:43:30,71,,
16:43:45,71,,
16:43:50,70,,
16:44:05,70,,
16:44:15,70,,
16:44:20,78,,
16:44:25,86,,
16:44:40,76,,
16:44:50,74,,
16:45:00,71,,
16:45:10,69,,
16:45:20,71,,
16:45:30,73,,
16:45:40,72,,
16:45:50,71,,
16:46:00,68,,
16:46:10,69,,
16:46:20,70,,
16:46:30,71,,
16:46:40,73,,
16:46:45,75,,
16:47:00,74,,
16:47:15,74,,
16:47:20,71,,
16:47:30,72,,
16:47:40,75,,
16:47:45,75,,
16:48:00,77,,
16:48:10,89,,
16:48:20,84,,
16:48:30,78,,
16:48:40,76,,
16:48:45,76,,
16:49:00,78,,
16:49:05,80,,
16:49:10,79,,
16:49:20,77,,
16:49:30,75,,
16:49:45,75,,
16:49:50,76,,
16:50:00,77,,
16:50:10,76,,
16:50:25,76,,
16:50:30,80,,
16:50:40,77,,
16:50:50,75,,
16:51:00,73,,
16:51:10,72,,
16:51:25,72,,
16:51:30,76,,
16:51:35,75,,
16:51:45,76,,
16:51:50,75,,
16:52:00,74,,
16:52:10,73,,
16:52:20,74,,
16:52:30,75,,
16:52:40,76,,
16:52:50,73,,
16:52:55,75,,
16:53:00,75,,
16:53:15,75,,
16:53:30,72,,
16:53:45,72,,
16:53:50,72,,
16:54:00,73,,
16:54:10,74,,
16:54:20,77,,
16:54:30,75,,
16:54:35,75,,
16:54:45,73,,
16:55:00,75,,
16:55:10,76,,
16:55:20,76,,
16:55:35,76,,
16:55:40,77,,
16:55:50,78,,
16:56:00,80,,
16:56:05,81,,
16:56:20,80,,
16:56:35,80,,
16:56:40,79,,
16:56:45,80,,
16:56:55,80,,
16:57:05,80,,
16:57:10,79,,
16:57:25,79,,
16:57:30,79,,
16:57:45,79,,
16:58:00,77,,
16:58:15,84,,
16:58:20,83,,
16:58:35,83,,
16:58:45,82,,
16:58:50,83,,
16:59:00,84,,
16:59:05,85,,
16:59:15,83,,
16:59:25,81,,
16:59:40,84,,
16:59:50,85,,
17:00:00,84,,
17:00:05,84,,
17:00:15,85,,
17:00:20,85,,
17:00:30,84,,
17:00:45,84,,
17:00:50,79,,
17:01:00,76,,
17:01:10,76,,
17:01:20,77,,
17:01:35,77,,
17:01:40,78,,
17:01:50,78,,
17:02:00,77,,
17:02:10,76,,
17:02:20,75,,
17:02:35,75,,
17:02:40,76,,
17:02:55,76,,
17:03:00,75,,
17:03:10,73,,
17:03:25,73,,
17:03:30,74,,
17:03:40,73,,
17:03:50,74,,
17:04:05,74,,
17:04:20,74,,
17:04:35,74,,
17:04:40,75,,
17:04:50,76,,
17:05:05,76,,
17:05:10,75,,
17:05:20,76,,
17:05:35,76,,
17:05:40,75,,
17:05:50,74,,
17:06:05,74,,
17:06:10,73,,
17:06:20,74,,
17:06:35,74,,
17:06:50,75,,
17:07:00,76,,
17:07:15,76,,
17:07:20,77,,
17:07:30,77,,
17:07:40,75,,
17:07:45,75,,
17:08:00,79,,
17:08:15,79,,
17:08:20,82,,
17:08:30,86,,
17:08:40,80,,
17:08:50,78,,
17:09:00,74,,
17:09:05,73,,
17:09:20,73,,
17:09:35,73,,
17:09:50,73,,
17:10:05,73,,
17:10:10,77,,
17:10:25,77,,
17:10:30,76,,
17:10:40,74,,
17:10:55,74,,
17:11:10,76,,
17:11:25,76,,
17:11:30,75,,
17:11:40,76,,
17:11:55,76,,
17:12:10,74,,
17:12:25,74,,
17:12:30,73,,
17:12:45,73,,
17:12:50,79,,
17:13:00,77,,
17:13:10,77,,
17:13:20,74,,
17:13:35,74,,
17:13:40,77,,
17:13:50,76,,
17:14:00,75,,
17:14:15,74,,
17:14:20,75,,
17:14:25,75,,
17:14:30,76,,
17:14:35,77,,
17:14:40,78,,
17:14:55,78,,
17:15:10,78,,
17:15:25,78,,
17:15:30,75,,
17:15:35,77,,
17:15:50,76,,
17:16:00,71,,
17:16:10,70,,
17:16:20,61,,
17:16:30,59,,
17:16:40,66,,
17:16:50,66,,
17:16:55,67,,
17:17:10,67,,
17:17:25,66,,
17:17:30,64,,
17:17:40,65,,
17:17:55,65,,
17:18:10,65,,
17:18:25,65,,
17:18:30,65,,
17:18:35,65,,
17:18:40,66,,
17:18:45,67,,
17:18:50,68,,
17:19:00,70,,
17:19:10,73,,
17:19:20,73,,
17:19:25,75,,
17:19:30,73,,
17:19:45,73,,
17:19:55,74,,
17:20:00,72,,
17:20:05,71,,
17:20:15,72,,
17:20:25,74,,
17:20:30,75,,
17:20:35,75,,
17:20:40,76,,
17:20:50,90,,
17:21:00,89,,
17:21:10,88,,
17:21:15,87,,
17:21:30,88,,
17:21:35,87,,
17:21:40,84,,
17:21:45,80,,
17:22:00,80,,
17:22:05,79,,
17:22:20,79,,
17:22:35,80,,
17:22:40,79,,
17:22:55,79,,
17:23:10,79,,
17:23:20,80,,
17:23:25,81,,
17:23:30,79,,
17:23:35,78,,
17:23:40,77,,
17:23:55,77,,
17:24:05,76,,
17:24:20,76,,
17:24:30,76,,
17:24:35,76,,
17:24:40,77,,
17:24:50,78,,
17:24:55,80,,
17:25:05,81,,
17:25:20,80,,
17:25:25,79,,
17:25:30,79,,
17:25:40,80,,
17:25:55,80,,
17:26:10,80,,
17:26:25,80,,
17:26:40,74,,
17:26:45,72,,
17:27:00,72,,
17:27:10,73,,
17:27:20,71,,
17:27:30,73,,
17:27:35,73,,
17:27:50,73,,
17:28:05,73,,
17:28:10,77,,
17:28:25,77,,
17:28:30,76,,
17:28:40,78,,
17:28:45,77,,
17:29:00,77,,
17:29:05,76,,
17:29:10,77,,
17:29:15,75,,
17:29:20,74,,
17:29:30,76,,
17:29:40,74,,
17:29:50,74,,
17:30:05,74,,
17:30:20,74,,
17:30:30,75,,
17:30:45,75,,
17:30:50,74,,
17:31:05,74,,
17:31:10,73,,
17:31:15,72,,
17:31:20,71,,
17:31:25,70,,
17:31:40,71,,
17:31:50,72,,
17:31:55,72,,
17:32:10,74,,
17:32:20,73,,
17:32:25,71,,
17:32:40,68,,
17:32:50,69,,
17:33:00,72,,
17:33:10,73,,
17:33:15,70,,
17:33:20,69,,
17:33:35,70,,
17:33:50,70,,
17:34:00,72,,
17:34:10,69,,
17:34:20,67,,
17:34:30,68,,
17:34:45,68,,
17:35:00,67,,
17:35:15,67,,
17:35:20,73,,
17:35:30,75,,
17:35:40,69,,
17:35:50,67,,
17:36:00,69,,
17:36:10,70,,
17:36:20,69,,
17:36:30,71,,
17:36:40,72,,
17:36:50,70,,
17:37:00,71,,
17:37:10,72,,
17:37:20,72,,
17:37:35,72,,
17:37:40,74,,
17:37:50,73,,
17:38:00,71,,
17:38:10,71,,
17:38:25,71,,
17:38:30,70,,
17:38:40,71,,
17:38:50,70,,
17:38:55,70,,
17:39:10,69,,
17:39:20,70,,
17:39:35,70,,
17:39:40,76,,
17:39:50,72,,
17:40:00,71,,
17:40:10,68,,
17:40:20,72,,
17:40:30,73,,
17:40:40,73,,
17:40:50,71,,
17:41:05,71,,
17:41:10,70,,
17:41:20,71,,
17:41:30,72,,
17:41:45,73,,
17:42:00,74,,
17:42:05,75,,
17:42:10,74,,
17:42:25,74,,
17:42:30,75,,
17:42:35,74,,
17:42:40,78,,
17:42:50,75,,
17:43:00,76,,
17:43:15,76,,
17:43:20,78,,
17:43:25,80,,
17:43:35,79,,
17:43:40,78,,
17:43:50,77,,
17:43:55,78,,
17:44:00,78,,
17:44:15,78,,
17:44:20,80,,
17:44:25,80,,
17:44:40,80,,
17:44:50,79,,
17:44:55,79,,
17:45:10,79,,
17:45:25,80,,
17:45:30,79,,
17:45:35,86,,
17:45:40,85,,
17:45:55,87,,
17:46:00,88,,
17:46:10,88,,
17:46:15,89,,
17:46:25,88,,
17:46:30,87,,
17:46:35,87,,
17:46:40,86,,
17:46:45,86,,
17:46:55,87,,
17:47:10,87,,
17:47:25,88,,
17:47:30,90,,
17:47:35,89,,
17:47:40,84,,
17:47:45,82,,
17:47:50,80,,
17:48:05,80,,
17:48:20,79,,
17:48:30,77,,
17:48:45,77,,
17:48:50,75,,
17:49:05,75,,
17:49:10,77,,
17:49:20,74,,
17:49:30,75,,
17:49:40,65,,
17:49:45,64,,
17:50:00,66,,
17:50:10,66,,
17:50:20,67,,
17:50:30,67,,
17:50:40,65,,
17:50:50,65,,
17:50:55,64,,
17:51:10,64,,
17:51:20,74,,
17:51:25,74,,
17:51:40,75,,
17:51:50,74,,
17:52:05,74,,
17:52:10,72,,
17:52:15,71,,
17:52:20,70,,
17:52:35,70,,
17:52:40,70,,
17:52:50,73,,
17:53:00,74,,
17:53:10,73,,
17:53:20,74,,
17:53:30,70,,
17:53:35,70,,
17:53:50,72,,
17:54:00,72,,
17:54:15,72,,
17:54:20,72,,
17:54:35,72,,
17:54:40,72,,
17:54:50,73,,
17:54:55,74,,
17:55:05,75,,
17:55:10,75,,
17:55:15,75,,
17:55:30,75,,
17:55:40,76,,
17:55:45,73,,
17:56:00,73,,
17:56:15,73,,
17:56:30,73,,
17:56:45,73,,
17:57:00,73,,
17:57:15,74,,
17:57:30,74,,
17:57:45,74,,
17:58:00,74,,
17:58:15,74,,
17:58:20,75,,
17:58:35,73,,
17:58:50,73,,
17:58:55,72,,
17:59:10,72,,
17:59:20,75,,
17:59:25,75,,
17:59:30,77,,
17:59:35,79,,
17:59:40,79,,
17:59:45,78,,
17:59:50,73,,
18:00:00,70,,
18:00:10,73,,
18:00:20,72,,
18:00:30,74,,
18:00:40,72,,
18:00:50,70,,
18:01:00,73,,
18:01:10,77,,
18:01:20,76,,
18:01:30,71,,
18:01:40,72,,
18:01:55,72,,
18:02:00,68,,
18:02:10,70,,
18:02:20,72,,
18:02:30,76,,
18:02:40,73,,
18:02:50,74,,
18:03:00,71,,
18:03:15,71,,
18:03:20,74,,
18:03:30,74,,
18:03:35,74,,
18:03:50,77,,
18:04:00,74,,
18:04:05,74,,
18:04:10,75,,
18:04:20,75,,
18:04:30,75,,
18:04:35,74,,
18:04:40,73,,
18:04:45,71,,
18:05:00,71,,
18:05:10,74,,
18:05:25,74,,
18:05:30,73,,
18:05:45,73,,
18:05:50,74,,
18:06:00,75,,
18:06:10,74,,
18:06:20,75,,
18:06:30,78,,
18:06:45,78,,
18:07:00,77,,
18:07:10,75,,
18:07:25,75,,
18:07:30,74,,
18:07:40,75,,
18:07:50,74,,
18:08:00,73,,
18:08:10,73,,
18:08:20,75,,
18:08:30,76,,
18:08:40,74,,
18:08:50,78,,
18:09:00,74,,
18:09:10,76,,
18:09:15,75,,
18:09:30,75,,
18:09:40,71,,
18:09:45,70,,
18:09:50,69,,
18:10:00,70,,
18:10:10,72,,
18:10:20,74,,
18:10:30,75,,
18:10:35,73,,
18:10:40,71,,
18:10:50,72,,
18:11:05,72,,
18:11:20,75,,
18:11:30,70,,
18:11:40,69,,
18:11:50,70,,
18:12:00,68,,
18:12:10,69,,
18:12:20,71,,
18:12:35,71,,
18:12:40,72,,
18:12:50,75,,
18:13:00,73,,
18:13:10,72,,
18:13:20,73,,
18:13:30,72,,
18:13:35,72,,
18:13:50,72,,
18:14:00,83,,
18:14:10,75,,
18:14:25,75,,
18:14:40,81,,
18:14:50,77,,
18:15:00,76,,
18:15:05,75,,
18:15:20,76,,
18:15:30,77,,
18:15:40,76,,
18:15:50,74,,
18:16:00,75,,
18:16:10,74,,
18:16:25,74,,
18:16:30,73,,
18:16:40,77,,
18:16:50,74,,
18:17:05,74,,
18:17:10,75,,
18:17:20,76,,
18:17:35,76,,
18:17:40,89,,
18:17:50,81,,
18:18:00,78,,
18:18:10,77,,
18:18:20,76,,
18:18:30,74,,
18:18:40,75,,
18:18:55,75,,
18:19:00,76,,
18:19:15,76,,
18:19:20,75,,
18:19:35,75,,
18:19:40,78,,
18:19:50,75,,
18:20:00,77,,
18:20:10,78,,
18:20:20,88,,
18:20:30,79,,
18:20:40,74,,
18:20:50,75,,
18:21:05,75,,
18:21:10,76,,
18:21:20,72,,
18:21:30,76,,
18:21:40,83,,
18:21:55,82,,
18:22:00,81,,
18:22:05,80,,
18:22:10,79,,
18:22:15,78,,
18:22:20,84,,
18:22:30,78,,
18:22:35,77,,
18:22:45,77,,
18:23:00,76,,
18:23:15,76,,
18:23:25,76,,
18:23:35,77,,
18:23:40,78,,
18:23:55,78,,
18:24:00,71,,
18:24:10,70,,
18:24:25,70,,
18:24:30,66,,
18:24:35,65,,
18:24:40,65,,
18:24:50,69,,
18:25:00,71,,
18:25:10,72,,
18:25:25,72,,
18:25:40,74,,
18:25:45,73,,
18:25:50,74,,
18:26:00,75,,
18:26:10,73,,
18:26:25,73,,
18:26:40,75,,
18:26:55,77,,
18:27:10,83,,
18:27:20,79,,
18:27:25,78,,
18:27:40,78,,
18:27:50,75,,
18:28:00,76,,
18:28:10,75,,
18:28:20,74,,
18:28:35,74,,
18:28:45,75,,
18:29:00,74,,
18:29:10,72,,
18:29:20,73,,
18:29:35,73,,
18:29:40,73,,
18:29:50,72,,
18:30:00,73,,
18:30:10,76,,
18:30:20,74,,
18:30:35,74,,
18:30:50,73,,
18:31:05,73,,
18:31:20,73,,
18:31:30,72,,
18:31:40,77,,
18:31:55,77,,
18:32:10,76,,
18:32:20,73,,
18:32:30,71,,
18:32:40,72,,
18:32:55,72,,
18:33:00,74,,
18:33:05,78,,
18:33:10,77,,
18:33:20,75,,
18:33:30,78,,
18:33:40,79,,
18:33:50,77,,
18:34:00,76,,
18:34:10,76,,
18:34:25,76,,
18:34:30,77,,
18:34:40,73,,
18:34:55,73,,
18:35:00,74,,
18:35:10,75,,
18:35:25,75,,
18:35:30,74,,
18:35:45,74,,
18:35:50,75,,
18:36:00,76,,
18:36:10,73,,
18:36:20,72,,
18:36:30,73,,
18:36:40,75,,
18:36:50,77,,
18:37:00,79,,
18:37:10,78,,
18:37:20,79,,
18:37:30,78,,
18:37:40,79,,
18:37:50,80,,
18:38:00,83,,
18:38:05,85,,
18:38:20,87,,
18:38:30,86,,
18:38:40,79,,
18:38:50,76,,
18:39:00,75,,
18:39:10,73,,
18:39:20,78,,
18:39:30,76,,
18:39:40,74,,
18:39:50,75,,
18:40:00,76,,
18:40:10,77,,
18:40:20,78,,
18:40:35,78,,
18:40:40,79,,
18:40:55,81,,
18:41:00,83,,
18:41:05,86,,
18:41:10,87,,
18:41:25,87,,
18:41:30,86,,
18:41:45,86,,
18:41:55,86,,
18:42:05,86,,
18:42:10,85,,
18:42:25,85,,
18:42:40,85,,
18:42:55,85,,
18:43:10,84,,
18:43:25,84,,
18:43:40,83,,
18:43:45,84,,
18:43:55,83,,
18:44:05,84,,
18:44:10,85,,
18:44:20,87,,
18:44:25,86,,
18:44:35,86,,
18:44:50,89,,
18:45:00,81,,
18:45:05,81,,
18:45:20,81,,
18:45:25,80,,
18:45:30,79,,
18:45:35,80,,
18:45:40,83,,
18:45:45,87,,
18:45:50,91,,
18:45:55,94,,
18:46:10,95,,
18:46:15,92,,
18:46:20,89,,
18:46:25,88,,
18:46:35,87,,
18:46:50,86,,
18:47:05,85,,
18:47:10,88,,
18:47:15,84,,
18:47:20,84,,
18:47:35,84,,
18:47:40,79,,
18:47:55,79,,
18:48:10,81,,
18:48:20,82,,
18:48:25,79,,
18:48:40,81,,
18:48:45,80,,
18:48:50,76,,
18:48:55,74,,
18:49:00,75,,
18:49:10,73,,
18:49:20,74,,
18:49:30,76,,
18:49:35,78,,
18:49:45,78,,
18:49:50,77,,
18:50:00,79,,
18:50:10,78,,
18:50:20,80,,
18:50:30,79,,
18:50:45,79,,
18:50:50,80,,
18:50:55,80,,
18:51:00,79,,
18:51:10,78,,
18:51:20,81,,
18:51:30,82,,
18:51:40,82,,
18:51:55,82,,
18:52:10,82,,
18:52:25,82,,
18:52:40,82,,
18:52:55,82,,
18:53:05,84,,
18:53:10,86,,
18:53:15,84,,
18:53:20,84,,
18:53:30,88,,
18:53:45,88,,
18:53:50,86,,
18:53:55,85,,
18:54:00,83,,
18:54:05,78,,
18:54:10,77,,
18:54:25,77,,
18:54:40,77,,
18:54:50,75,,
18:55:00,75,,
18:55:10,75,,
18:55:20,77,,
18:55:30,78,,
18:55:35,77,,
18:55:40,78,,
18:55:45,87,,
18:55:50,86,,
18:55:55,83,,
18:56:10,82,,
18:56:20,80,,
18:56:30,79,,
18:56:40,77,,
18:56:50,80,,
18:57:00,82,,
18:57:10,80,,
18:57:20,77,,
18:57:30,75,,
18:57:35,76,,
18:57:50,75,,
18:58:05,75,,
18:58:10,80,,
18:58:20,79,,
18:58:30,76,,
18:58:40,79,,
18:58:50,77,,
18:59:05,77,,
18:59:10,78,,
18:59:20,89,,
18:59:30,85,,
18:59:40,83,,
18:59:50,81,,
19:00:00,81,,
19:00:10,83,,
19:00:20,84,,
19:00:30,82,,
19:00:40,81,,
19:00:50,82,,
19:00:55,82,,
19:01:10,87,,
19:01:20,86,,
19:01:30,82,,
19:01:40,83,,
19:01:45,82,,
19:02:00,83,,
19:02:10,84,,
19:02:20,84,,
19:02:25,85,,
19:02:40,84,,
19:02:45,83,,
19:02:55,82,,
19:03:00,82,,
19:03:15,82,,
19:03:30,80,,
19:03:35,79,,
19:03:50,79,,
19:04:05,79,,
19:04:10,79,,
19:04:20,81,,
19:04:35,81,,
19:04:40,80,,
19:04:50,81,,
19:05:00,79,,
19:05:10,78,,
19:05:25,78,,
19:05:40,78,,
19:05:50,78,,
19:06:00,78,,
19:06:15,78,,
19:06:20,77,,
19:06:30,76,,
19:06:40,74,,
19:06:50,75,,
19:07:00,74,,
19:07:10,73,,
19:07:25,73,,
19:07:30,75,,
19:07:45,75,,
19:07:50,76,,
19:08:05,76,,
19:08:10,77,,
19:08:25,77,,
19:08:40,77,,
19:08:50,81,,
19:09:00,80,,
19:09:05,79,,
19:09:20,79,,
19:09:30,77,,
19:09:35,77,,
19:09:50,80,,
19:10:00,81,,
19:10:10,77,,
19:10:20,76,,
19:10:30,78,,
19:10:40,78,,
19:10:50,81,,
19:11:00,80,,
19:11:10,76,,
19:11:25,76,,
19:11:40,75,,
19:11:55,75,,
19:12:00,73,,
19:12:15,73,,
19:12:25,73,,
19:12:40,74,,
19:12:50,75,,
19:13:05,75,,
19:13:10,72,,
19:13:15,72,,
19:13:25,73,,
19:13:30,75,,
19:13:35,75,,
19:13:45,74,,
19:13:50,75,,
19:13:55,74,,
19:14:00,73,,
19:14:10,69,,
19:14:20,70,,
19:14:30,74,,
19:14:35,74,,
19:14:50,74,,
19:15:05,74,,
19:15:10,75,,
19:15:25,75,,
19:15:30,75,,
19:15:35,74,,
19:15:40,73,,
19:15:50,73,,
19:16:00,74,,
19:16:10,75,,
19:16:20,77,,
19:16:35,77,,
19:16:50,75,,
19:17:00,77,,
19:17:15,77,,
19:17:20,90,,
19:17:30,81,,
19:17:40,77,,
19:17:50,76,,
19:18:05,76,,
19:18:10,76,,
19:18:20,74,,
19:18:35,74,,
19:18:40,72,,
19:18:50,74,,
19:19:00,75,,
19:19:10,76,,
19:19:25,76,,
19:19:30,80,,
19:19:40,81,,
19:19:50,78,,
19:19:55,77,,
19:20:10,77,,
19:20:15,78,,
19:20:30,80,,
19:20:40,79,,
19:20:50,81,,
19:21:00,80,,
19:21:10,81,,
19:21:20,76,,
19:21:35,76,,
19:21:50,76,,
19:22:00,77,,
19:22:05,77,,
19:22:15,78,,
19:22:20,79,,
19:22:25,81,,
19:22:30,82,,
19:22:35,90,,
19:22:40,97,,
19:22:45,97,,
19:22:50,98,,
19:22:55,96,,
19:23:00,93,,
19:23:05,87,,
19:23:10,83,,
19:23:15,82,,
19:23:20,82,,
19:23:25,79,,
19:23:30,77,,
19:23:35,80,,
19:23:40,81,,
19:23:45,80,,
19:23:55,82,,
19:24:00,83,,
19:24:05,90,,
19:24:10,87,,
19:24:15,86,,
19:24:25,85,,
19:24:30,85,,
19:24:35,84,,
19:24:45,84,,
19:25:00,84,,
19:25:15,84,,
19:25:30,72,,
19:25:40,77,,
19:25:55,77,,
19:26:00,76,,
19:26:10,78,,
19:26:25,78,,
19:26:30,87,,
19:26:40,87,,
19:26:50,87,,
19:27:00,84,,
19:27:10,83,,
19:27:20,85,,
19:27:30,86,,
19:27:35,87,,
19:27:50,87,,
19:28:05,87,,
19:28:10,84,,
19:28:15,83,,
19:28:20,82,,
19:28:30,74,,
19:28:35,74,,
19:28:50,74,,
19:28:55,74,,
19:29:10,75,,
19:29:25,75,,
19:29:30,84,,
19:29:40,86,,
19:29:50,87,,
19:30:00,89,,
19:30:05,90,,
19:30:20,92,,
19:30:25,91,,
19:30:40,89,,
19:30:50,91,,
19:31:00,90,,
19:31:10,92,,
19:31:20,90,,
19:31:30,92,,
19:31:40,91,,
19:31:55,91,,
19:32:00,85,,
19:32:05,84,,
19:32:10,89,,
19:32:20,90,,
19:32:30,84,,
19:32:40,82,,
19:32:50,89,,
19:33:00,91,,
19:33:15,90,,
19:33:30,91,,
19:33:40,89,,
19:33:45,88,,
19:34:00,86,,
19:34:05,87,,
19:34:10,88,,
19:34:15,91,,
19:34:30,91,,
19:34:45,91,,
19:34:55,92,,
19:35:10,92,,
19:35:25,92,,
19:40:05,92,,
19:40:20,92,,
19:44:05,92,,
19:44:10,70,,
19:44:25,70,,
19:52:20,70,,
19:52:35,70,,
19:52:50,70,,
19:53:05,70,,
19:53:20,70,,
19:53:35,70,,
19:53:45,92,,
19:53:50,100,,
19:54:05,103,,
19:54:10,111,,
19:54:15,117,,
19:54:25,116,,
19:54:30,111,,
19:54:35,118,,
19:54:45,122,,
19:54:50,123,,
19:54:55,125,,
19:55:10,130,,
19:55:15,128,,
19:55:30,126,,
19:55:45,125,,
19:55:50,126,,
19:55:55,122,,
19:56:00,121,,
19:56:05,119,,
19:56:10,118,,
19:56:15,120,,
19:56:25,119,,
19:56:30,121,,
19:56:45,121,,
19:56:50,123,,
19:57:00,121,,
19:57:15,122,,
19:57:20,124,,
19:57:30,123,,
19:57:35,119,,
19:57:40,122,,
19:57:45,124,,
19:58:00,125,,
19:58:15,125,,
19:58:20,127,,
23:52:40,70,,
23:52:50,95,,
23:52:55,88,,
23:53:00,91,,
23:53:05,93,,
23:53:10,96,,
23:53:15,100,,
23:53:30,100,,
23:53:45,100,,
23:53:50,93,,
23:53:55,83,,
23:54:10,83,,
23:54:15,82,,
23:54:30,92,,
23:54:40,79,,
23:54:50,74,,
23:55:00,73,,
23:55:10,72,,
23:55:25,72,,
23:55:30,75,,
23:55:40,78,,
23:55:50,78,,
23:56:00,81,,
23:56:10,82,,
23:56:20,79,,
23:56:30,74,,
23:56:40,75,,
23:56:55,75,,
23:57:00,74,,
23:57:10,75,,
23:57:20,76,,
23:57:30,75,,
23:57:40,74,,
23:57:55,75,,
23:58:10,73,,
23:58:20,75,,
23:58:30,76,,
23:58:40,73,,
23:58:45,73,,
23:58:50,76,,
